Workbook

Sheet 一览表
A1: 报表数据截止时间 | B1: 46104
A2: 序号 | B2: 趋势预警 | C2: 本月交易预警 | D2: 流失情况 | G2: 基本信息 | M2: 操作记录 | R2: 交易记录 | V2: 交易笔数 | Z2: 客单价 | AA2: 交易额增长率 | AD2: 同类对比（金额） | AH2: 同类对比（笔数） | AL2: 预警（操作） | AM2: 预警（交易额） | AN2: 预警（交易笔数） | AO2: 最近使用时间 | AP2: 近两周切换未交易 | AQ2: 租户创建时间
G3: 版本 | H3: 诊所类别 | I3: 城市 | J3: 区域 | K3: 店名 | L3: 地址 | M3: 最近一次登录时间 | N3: 最近一次交易时间 | O3: 最近一次门诊时间 | P3: 最近一次药品更新时间 | Q3: 最近一次库存操作时间 | R3: 最近一周 | S3: 最近一月 | T3: 最近三月 | U3: 今年内 | V3: 最近一周 | W3: 最近一月 | X3: 最近三月 | Y3: 今年内 | AA3: 近一个月交易 | AB3: 近两个月交易 | AC3: 近三个月交易 | AD3: 最近一周 | AE3: 最近一月 | AF3: 最近三月 | AG3: 今年内 | AH3: 最近一周 | AI3: 最近一月 | AJ3: 最近三月 | AK3: 今年内
A4: =ROW()-3 -> 1 | B4: =IF(V4=0,"无交易",IF(AND(Y4<=-0.2,Z4<=-0.2,AA4<=-0.2),"连续三月交易下滑",IF(AND(Y4>=0.2,Z4>=0.2,AA4>=0.2),"连续三月交易上升",IF(AND(Y4<0.2,Y4>-0.2,Z4<0.2,Z4>-0.2,AA4<0.2,AA4>-0.2),"交易平稳",IF(OR(ABS(Y4-Z4)>=0.2,ABS(Z4-AA4)>=0.2),"交易波动较大","-"))))) -> 交易波动较大 | C4: =IF(AA4<=-0.5,"本月交易额降超50%",IF(AA4<=-0.2,"本月交易额降超20%","")) | D4: =IF(DATEDIF(AO4,$B$1,"d")>30,"流失",IF(AND(DATEDIF(AO4,$B$1,"d")>7,DATEDIF(AO4,$B$1,"d")<=30),"可能流失",IF(AND(DATEDIF(AO4,$B$1,"d")<=7,DATEDIF(AO4,$B$1,"d")>3),"即将流失","-"))) -> - | E4: 1583731266461929474 | F4: 45043.974 | G4: 正式版 | H4: 中西医诊所 | I4: 四川省成都市 | J4: 龙泉驿区 | K4: 成都万欣公司同生综合门诊部 | L4: 四川省成都市龙泉驿区 | M4: 46104.341 | N4: 46104.398 | O4: 46104.398 | P4: 46101.605 | Q4: 46104.399 | R4: 23899.61 | S4: 120989.01 | T4: 370561.1 | U4: 319500.71 | V4: 102 | W4: 477 | X4: 1503 | Y4: 1322 | Z4: 636.4556 | AA4: -0.020275896 | AB4: -0.020512591 | AC4: -0.29986709 | AD4: =IF(AND($G4="正式版",$H4="中西医诊所"),IFERROR(R4/同类汇总数据!C$3,0),IF(AND($G4="正式版",$H4="中医诊所"),IFERROR(R4/同类汇总数据!C$4,0),IF(AND($G4="正式版",$H4="口腔诊所"),IFERROR(R4/同类汇总数据!C$5,0),IF(AND($G4="检查版",$H4="中西医诊所"),IFERROR(R4/同类汇总数据!C$6,0),IF(AND($G4="检查版",$H4="中医诊所"),IFERROR(R4/同类汇总数据!C$7,0),IF(AND($G4="检查版",$H4="口腔诊所"),IFERROR(R4/同类汇总数据!C$8,0),IF(AND($G4="互联网版",$H4="中西医诊所"),IFERROR(R4/同类汇总数据!C$9,0),IF(AND($G4="互联网版",$H4="中医诊所"),IFERROR(R4/同类汇总数据!C$10,0),IF(AND($G4="互联网版",$H4="口腔诊所"),IFERROR(R4/同类汇总数据!C$11,0)))))))))) -> 2.6114792 | AE4: =IF(AND($G4="正式版",$H4="中西医诊所"),IFERROR(S4/同类汇总数据!D$3,0),IF(AND($G4="正式版",$H4="中医诊所"),IFERROR(S4/同类汇总数据!D$4,0),IF(AND($G4="正式版",$H4="口腔诊所"),IFERROR(S4/同类汇总数据!D$5,0),IF(AND($G4="检查版",$H4="中西医诊所"),IFERROR(S4/同类汇总数据!D$6,0),IF(AND($G4="检查版",$H4="中医诊所"),IFERROR(S4/同类汇总数据!D$7,0),IF(AND($G4="检查版",$H4="口腔诊所"),IFERROR(S4/同类汇总数据!D$8,0),IF(AND($G4="互联网版",$H4="中西医诊所"),IFERROR(S4/同类汇总数据!D$9,0),IF(AND($G4="互联网版",$H4="中医诊所"),IFERROR(S4/同类汇总数据!D$10,0),IF(AND($G4="互联网版",$H4="口腔诊所"),IFERROR(S4/同类汇总数据!D$11,0)))))))))) -> 3.3162479 | AF4: =IF(AND($G4="正式版",$H4="中西医诊所"),IFERROR(T4/同类汇总数据!E$3,0),IF(AND($G4="正式版",$H4="中医诊所"),IFERROR(T4/同类汇总数据!E$4,0),IF(AND($G4="正式版",$H4="口腔诊所"),IFERROR(T4/同类汇总数据!E$5,0),IF(AND($G4="检查版",$H4="中西医诊所"),IFERROR(T4/同类汇总数据!E$6,0),IF(AND($G4="检查版",$H4="中医诊所"),IFERROR(T4/同类汇总数据!E$7,0),IF(AND($G4="检查版",$H4="口腔诊所"),IFERROR(T4/同类汇总数据!E$8,0),IF(AND($G4="互联网版",$H4="中西医诊所"),IFERROR(T4/同类汇总数据!E$9,0),IF(AND($G4="互联网版",$H4="中医诊所"),IFERROR(T4/同类汇总数据!E$10,0),IF(AND($G4="互联网版",$H4="口腔诊所"),IFERROR(T4/同类汇总数据!E$11,0)))))))))) -> 3.3960226 | AG4: =IF(AND($G4="正式版",$H4="中西医诊所"),IFERROR(U4/同类汇总数据!F$3,0),IF(AND($G4="正式版",$H4="中医诊所"),IFERROR(U4/同类汇总数据!F$4,0),IF(AND($G4="正式版",$H4="口腔诊所"),IFERROR(U4/同类汇总数据!F$5,0),IF(AND($G4="检查版",$H4="中西医诊所"),IFERROR(U4/同类汇总数据!F$6,0),IF(AND($G4="检查版",$H4="中医诊所"),IFERROR(U4/同类汇总数据!F$7,0),IF(AND($G4="检查版",$H4="口腔诊所"),IFERROR(U4/同类汇总数据!F$8,0),IF(AND($G4="互联网版",$H4="中西医诊所"),IFERROR(U4/同类汇总数据!F$9,0),IF(AND($G4="互联网版",$H4="中医诊所"),IFERROR(U4/同类汇总数据!F$10,0),IF(AND($G4="互联网版",$H4="口腔诊所"),IFERROR(U4/同类汇总数据!F$11,0)))))))))) -> 3.3307977 | AH4: =IF(AND($G4="正式版",$H4="中西医诊所"),IFERROR(V4/同类汇总数据!G$3,0),IF(AND($G4="正式版",$H4="中医诊所"),IFERROR(V4/同类汇总数据!G$4,0),IF(AND($G4="正式版",$H4="口腔诊所"),IFERROR(V4/同类汇总数据!G$5,0),IF(AND($G4="检查版",$H4="中西医诊所"),IFERROR(V4/同类汇总数据!G$6,0),IF(AND($G4="检查版",$H4="中医诊所"),IFERROR(V4/同类汇总数据!G$7,0),IF(AND($G4="检查版",$H4="口腔诊所"),IFERROR(V4/同类汇总数据!G$8,0),IF(AND($G4="互联网版",$H4="中西医诊所"),IFERROR(V4/同类汇总数据!G$9,0),IF(AND($G4="互联网版",$H4="中医诊所"),IFERROR(V4/同类汇总数据!G$10,0),IF(AND($G4="互联网版",$H4="口腔诊所"),IFERROR(V4/同类汇总数据!G$11,0)))))))))) -> 1.0759369 | AI4: =IF(AND($G4="正式版",$H4="中西医诊所"),IFERROR(W4/同类汇总数据!H$3,0),IF(AND($G4="正式版",$H4="中医诊所"),IFERROR(W4/同类汇总数据!H$4,0),IF(AND($G4="正式版",$H4="口腔诊所"),IFERROR(W4/同类汇总数据!H$5,0),IF(AND($G4="检查版",$H4="中西医诊所"),IFERROR(W4/同类汇总数据!H$6,0),IF(AND($G4="检查版",$H4="中医诊所"),IFERROR(W4/同类汇总数据!H$7,0),IF(AND($G4="检查版",$H4="口腔诊所"),IFERROR(W4/同类汇总数据!H$8,0),IF(AND($G4="互联网版",$H4="中西医诊所"),IFERROR(W4/同类汇总数据!H$9,0),IF(AND($G4="互联网版",$H4="中医诊所"),IFERROR(W4/同类汇总数据!H$10,0),IF(AND($G4="互联网版",$H4="口腔诊所"),IFERROR(W4/同类汇总数据!H$11,0)))))))))) -> 1.3045961 | AJ4: =IF(AND($G4="正式版",$H4="中西医诊所"),IFERROR(X4/同类汇总数据!I$3,0),IF(AND($G4="正式版",$H4="中医诊所"),IFERROR(X4/同类汇总数据!I$4,0),IF(AND($G4="正式版",$H4="口腔诊所"),IFERROR(X4/同类汇总数据!I$5,0),IF(AND($G4="检查版",$H4="中西医诊所"),IFERROR(X4/同类汇总数据!I$6,0),IF(AND($G4="检查版",$H4="中医诊所"),IFERROR(X4/同类汇总数据!I$7,0),IF(AND($G4="检查版",$H4="口腔诊所"),IFERROR(X4/同类汇总数据!I$8,0),IF(AND($G4="互联网版",$H4="中西医诊所"),IFERROR(X4/同类汇总数据!I$9,0),IF(AND($G4="互联网版",$H4="中医诊所"),IFERROR(X4/同类汇总数据!I$10,0),IF(AND($G4="互联网版",$H4="口腔诊所"),IFERROR(X4/同类汇总数据!I$11,0)))))))))) -> 1.3290183 | AK4: =IF(AND($G4="正式版",$H4="中西医诊所"),IFERROR(Y4/同类汇总数据!J$3,0),IF(AND($G4="正式版",$H4="中医诊所"),IFERROR(Y4/同类汇总数据!J$4,0),IF(AND($G4="正式版",$H4="口腔诊所"),IFERROR(Y4/同类汇总数据!J$5,0),IF(AND($G4="检查版",$H4="中西医诊所"),IFERROR(Y4/同类汇总数据!J$6,0),IF(AND($G4="检查版",$H4="中医诊所"),IFERROR(Y4/同类汇总数据!J$7,0),IF(AND($G4="检查版",$H4="口腔诊所"),IFERROR(Y4/同类汇总数据!J$8,0),IF(AND($G4="互联网版",$H4="中西医诊所"),IFERROR(Y4/同类汇总数据!J$9,0),IF(AND($G4="互联网版",$H4="中医诊所"),IFERROR(Y4/同类汇总数据!J$10,0),IF(AND($G4="互联网版",$H4="口腔诊所"),IFERROR(Y4/同类汇总数据!J$11,0)))))))))) -> 1.3209665 | AL4: =IF(YEAR(AO4)<YEAR(TODAY()),"今年内未操作",IF(DATEDIF(AO4,$B$1,"d")>90,"最近三月未操作",IF(DATEDIF(AO4,$B$1,"d")>30,"最近一月未操作",IF(DATEDIF(AO4,$B$1,"d")>7,"最近一周未操作","-")))) -> - | AM4: =IF(AE4<0.2,"低于同行20%",IF(AE4<0.5,"低于同行50%",IF(AE4>=2,"高于同行100%",IF(AE4>=1.5,"高于同行150%",IF(AE4>=1.2,"高于同行20%",""))))) -> 高于同行100% | AN4: =IF(AI4<0.2,"低于同行20%",IF(AI4<0.5,"低于同行50%",IF(AI4>=2,"高于同行100%",IF(AI4>=1.5,"高于同行150%",IF(AI4>=1.2,"高于同行20%",""))))) -> 高于同行20% | AO4: =MAX(IF(M4<>"",M4,0),IF(N4<>"",N4,0),IF(O4<>"",O4,0),IF(P4<>"",P4,0),IF(Q4<>"",Q4,0)) -> 46104.399 | AP4: =IF(AND(DATEDIF(AQ4,$B$1,"d")<=14,DATEDIF(N4,$B$1,"d")>14),"未支付","") | AQ4: 45043.974
A5: =ROW()-3 -> 2 | B5: =IF(V5=0,"无交易",IF(AND(Y5<=-0.2,Z5<=-0.2,AA5<=-0.2),"连续三月交易下滑",IF(AND(Y5>=0.2,Z5>=0.2,AA5>=0.2),"连续三月交易上升",IF(AND(Y5<0.2,Y5>-0.2,Z5<0.2,Z5>-0.2,AA5<0.2,AA5>-0.2),"交易平稳",IF(OR(ABS(Y5-Z5)>=0.2,ABS(Z5-AA5)>=0.2),"交易波动较大","-"))))) -> 连续三月交易上升 | C5: =IF(AA5<=-0.5,"本月交易额降超50%",IF(AA5<=-0.2,"本月交易额降超20%","")) | D5: =IF(DATEDIF(AO5,$B$1,"d")>30,"流失",IF(AND(DATEDIF(AO5,$B$1,"d")>7,DATEDIF(AO5,$B$1,"d")<=30),"可能流失",IF(AND(DATEDIF(AO5,$B$1,"d")<=7,DATEDIF(AO5,$B$1,"d")>3),"即将流失","-"))) -> - | E5: 1591983637474344961 | F5: 45043.974 | G5: 正式版 | H5: 中西医诊所 | I5: 四川省成都市 | J5: 高新区 | K5: 成都高新百康新仁中西医结合诊所有限责任公司 | L5: 四川省成都市高新区 | M5: 46104.336 | N5: 46103.847 | O5: 46103.846 | P5: 46104.354 | Q5: 46104.358 | R5: 17519.74 | S5: 65989.45 | T5: 173107.47 | U5: 154773.22 | V5: 120 | W5: 543 | X5: 1468 | Y5: 1316 | Z5: 227.01794 | AA5: 0.52198958 | AB5: -0.31999826 | AC5: -0.28611732 | AD5: =IF(AND($G5="正式版",$H5="中西医诊所"),IFERROR(R5/同类汇总数据!C$3,0),IF(AND($G5="正式版",$H5="中医诊所"),IFERROR(R5/同类汇总数据!C$4,0),IF(AND($G5="正式版",$H5="口腔诊所"),IFERROR(R5/同类汇总数据!C$5,0),IF(AND($G5="检查版",$H5="中西医诊所"),IFERROR(R5/同类汇总数据!C$6,0),IF(AND($G5="检查版",$H5="中医诊所"),IFERROR(R5/同类汇总数据!C$7,0),IF(AND($G5="检查版",$H5="口腔诊所"),IFERROR(R5/同类汇总数据!C$8,0),IF(AND($G5="互联网版",$H5="中西医诊所"),IFERROR(R5/同类汇总数据!C$9,0),IF(AND($G5="互联网版",$H5="中医诊所"),IFERROR(R5/同类汇总数据!C$10,0),IF(AND($G5="互联网版",$H5="口腔诊所"),IFERROR(R5/同类汇总数据!C$11,0)))))))))) -> 1.9143591 | AE5: =IF(AND($G5="正式版",$H5="中西医诊所"),IFERROR(S5/同类汇总数据!D$3,0),IF(AND($G5="正式版",$H5="中医诊所"),IFERROR(S5/同类汇总数据!D$4,0),IF(AND($G5="正式版",$H5="口腔诊所"),IFERROR(S5/同类汇总数据!D$5,0),IF(AND($G5="检查版",$H5="中西医诊所"),IFERROR(S5/同类汇总数据!D$6,0),IF(AND($G5="检查版",$H5="中医诊所"),IFERROR(S5/同类汇总数据!D$7,0),IF(AND($G5="检查版",$H5="口腔诊所"),IFERROR(S5/同类汇总数据!D$8,0),IF(AND($G5="互联网版",$H5="中西医诊所"),IFERROR(S5/同类汇总数据!D$9,0),IF(AND($G5="互联网版",$H5="中医诊所"),IFERROR(S5/同类汇总数据!D$10,0),IF(AND($G5="互联网版",$H5="口腔诊所"),IFERROR(S5/同类汇总数据!D$11,0)))))))))) -> 1.8087376 | AF5: =IF(AND($G5="正式版",$H5="中西医诊所"),IFERROR(T5/同类汇总数据!E$3,0),IF(AND($G5="正式版",$H5="中医诊所"),IFERROR(T5/同类汇总数据!E$4,0),IF(AND($G5="正式版",$H5="口腔诊所"),IFERROR(T5/同类汇总数据!E$5,0),IF(AND($G5="检查版",$H5="中西医诊所"),IFERROR(T5/同类汇总数据!E$6,0),IF(AND($G5="检查版",$H5="中医诊所"),IFERROR(T5/同类汇总数据!E$7,0),IF(AND($G5="检查版",$H5="口腔诊所"),IFERROR(T5/同类汇总数据!E$8,0),IF(AND($G5="互联网版",$H5="中西医诊所"),IFERROR(T5/同类汇总数据!E$9,0),IF(AND($G5="互联网版",$H5="中医诊所"),IFERROR(T5/同类汇总数据!E$10,0),IF(AND($G5="互联网版",$H5="口腔诊所"),IFERROR(T5/同类汇总数据!E$11,0)))))))))) -> 1.5864506 | AG5: =IF(AND($G5="正式版",$H5="中西医诊所"),IFERROR(U5/同类汇总数据!F$3,0),IF(AND($G5="正式版",$H5="中医诊所"),IFERROR(U5/同类汇总数据!F$4,0),IF(AND($G5="正式版",$H5="口腔诊所"),IFERROR(U5/同类汇总数据!F$5,0),IF(AND($G5="检查版",$H5="中西医诊所"),IFERROR(U5/同类汇总数据!F$6,0),IF(AND($G5="检查版",$H5="中医诊所"),IFERROR(U5/同类汇总数据!F$7,0),IF(AND($G5="检查版",$H5="口腔诊所"),IFERROR(U5/同类汇总数据!F$8,0),IF(AND($G5="互联网版",$H5="中西医诊所"),IFERROR(U5/同类汇总数据!F$9,0),IF(AND($G5="互联网版",$H5="中医诊所"),IFERROR(U5/同类汇总数据!F$10,0),IF(AND($G5="互联网版",$H5="口腔诊所"),IFERROR(U5/同类汇总数据!F$11,0)))))))))) -> 1.6135122 | AH5: =IF(AND($G5="正式版",$H5="中西医诊所"),IFERROR(V5/同类汇总数据!G$3,0),IF(AND($G5="正式版",$H5="中医诊所"),IFERROR(V5/同类汇总数据!G$4,0),IF(AND($G5="正式版",$H5="口腔诊所"),IFERROR(V5/同类汇总数据!G$5,0),IF(AND($G5="检查版",$H5="中西医诊所"),IFERROR(V5/同类汇总数据!G$6,0),IF(AND($G5="检查版",$H5="中医诊所"),IFERROR(V5/同类汇总数据!G$7,0),IF(AND($G5="检查版",$H5="口腔诊所"),IFERROR(V5/同类汇总数据!G$8,0),IF(AND($G5="互联网版",$H5="中西医诊所"),IFERROR(V5/同类汇总数据!G$9,0),IF(AND($G5="互联网版",$H5="中医诊所"),IFERROR(V5/同类汇总数据!G$10,0),IF(AND($G5="互联网版",$H5="口腔诊所"),IFERROR(V5/同类汇总数据!G$11,0)))))))))) -> 1.2658081 | AI5: =IF(AND($G5="正式版",$H5="中西医诊所"),IFERROR(W5/同类汇总数据!H$3,0),IF(AND($G5="正式版",$H5="中医诊所"),IFERROR(W5/同类汇总数据!H$4,0),IF(AND($G5="正式版",$H5="口腔诊所"),IFERROR(W5/同类汇总数据!H$5,0),IF(AND($G5="检查版",$H5="中西医诊所"),IFERROR(W5/同类汇总数据!H$6,0),IF(AND($G5="检查版",$H5="中医诊所"),IFERROR(W5/同类汇总数据!H$7,0),IF(AND($G5="检查版",$H5="口腔诊所"),IFERROR(W5/同类汇总数据!H$8,0),IF(AND($G5="互联网版",$H5="中西医诊所"),IFERROR(W5/同类汇总数据!H$9,0),IF(AND($G5="互联网版",$H5="中医诊所"),IFERROR(W5/同类汇总数据!H$10,0),IF(AND($G5="互联网版",$H5="口腔诊所"),IFERROR(W5/同类汇总数据!H$11,0)))))))))) -> 1.4851063 | AJ5: =IF(AND($G5="正式版",$H5="中西医诊所"),IFERROR(X5/同类汇总数据!I$3,0),IF(AND($G5="正式版",$H5="中医诊所"),IFERROR(X5/同类汇总数据!I$4,0),IF(AND($G5="正式版",$H5="口腔诊所"),IFERROR(X5/同类汇总数据!I$5,0),IF(AND($G5="检查版",$H5="中西医诊所"),IFERROR(X5/同类汇总数据!I$6,0),IF(AND($G5="检查版",$H5="中医诊所"),IFERROR(X5/同类汇总数据!I$7,0),IF(AND($G5="检查版",$H5="口腔诊所"),IFERROR(X5/同类汇总数据!I$8,0),IF(AND($G5="互联网版",$H5="中西医诊所"),IFERROR(X5/同类汇总数据!I$9,0),IF(AND($G5="互联网版",$H5="中医诊所"),IFERROR(X5/同类汇总数据!I$10,0),IF(AND($G5="互联网版",$H5="口腔诊所"),IFERROR(X5/同类汇总数据!I$11,0)))))))))) -> 1.2980698 | AK5: =IF(AND($G5="正式版",$H5="中西医诊所"),IFERROR(Y5/同类汇总数据!J$3,0),IF(AND($G5="正式版",$H5="中医诊所"),IFERROR(Y5/同类汇总数据!J$4,0),IF(AND($G5="正式版",$H5="口腔诊所"),IFERROR(Y5/同类汇总数据!J$5,0),IF(AND($G5="检查版",$H5="中西医诊所"),IFERROR(Y5/同类汇总数据!J$6,0),IF(AND($G5="检查版",$H5="中医诊所"),IFERROR(Y5/同类汇总数据!J$7,0),IF(AND($G5="检查版",$H5="口腔诊所"),IFERROR(Y5/同类汇总数据!J$8,0),IF(AND($G5="互联网版",$H5="中西医诊所"),IFERROR(Y5/同类汇总数据!J$9,0),IF(AND($G5="互联网版",$H5="中医诊所"),IFERROR(Y5/同类汇总数据!J$10,0),IF(AND($G5="互联网版",$H5="口腔诊所"),IFERROR(Y5/同类汇总数据!J$11,0)))))))))) -> 1.3149712 | AL5: =IF(YEAR(AO5)<YEAR(TODAY()),"今年内未操作",IF(DATEDIF(AO5,$B$1,"d")>90,"最近三月未操作",IF(DATEDIF(AO5,$B$1,"d")>30,"最近一月未操作",IF(DATEDIF(AO5,$B$1,"d")>7,"最近一周未操作","-")))) -> - | AM5: =IF(AE5<0.2,"低于同行20%",IF(AE5<0.5,"低于同行50%",IF(AE5>=2,"高于同行100%",IF(AE5>=1.5,"高于同行150%",IF(AE5>=1.2,"高于同行20%",""))))) -> 高于同行150% | AN5: =IF(AI5<0.2,"低于同行20%",IF(AI5<0.5,"低于同行50%",IF(AI5>=2,"高于同行100%",IF(AI5>=1.5,"高于同行150%",IF(AI5>=1.2,"高于同行20%",""))))) -> 高于同行20% | AO5: =MAX(IF(M5<>"",M5,0),IF(N5<>"",N5,0),IF(O5<>"",O5,0),IF(P5<>"",P5,0),IF(Q5<>"",Q5,0)) -> 46104.358 | AP5: =IF(AND(DATEDIF(AQ5,$B$1,"d")<=14,DATEDIF(N5,$B$1,"d")>14),"未支付","") | AQ5: 45043.974
A6: =ROW()-3 -> 3 | B6: =IF(V6=0,"无交易",IF(AND(Y6<=-0.2,Z6<=-0.2,AA6<=-0.2),"连续三月交易下滑",IF(AND(Y6>=0.2,Z6>=0.2,AA6>=0.2),"连续三月交易上升",IF(AND(Y6<0.2,Y6>-0.2,Z6<0.2,Z6>-0.2,AA6<0.2,AA6>-0.2),"交易平稳",IF(OR(ABS(Y6-Z6)>=0.2,ABS(Z6-AA6)>=0.2),"交易波动较大","-"))))) -> 交易波动较大 | C6: =IF(AA6<=-0.5,"本月交易额降超50%",IF(AA6<=-0.2,"本月交易额降超20%","")) | D6: =IF(DATEDIF(AO6,$B$1,"d")>30,"流失",IF(AND(DATEDIF(AO6,$B$1,"d")>7,DATEDIF(AO6,$B$1,"d")<=30),"可能流失",IF(AND(DATEDIF(AO6,$B$1,"d")<=7,DATEDIF(AO6,$B$1,"d")>3),"即将流失","-"))) -> - | E6: 1592351485673644033 | F6: 45043.974 | G6: 正式版 | H6: 中西医诊所 | I6: 四川省成都市 | J6: 龙泉驿区 | K6: 龙泉驿区龙泉街办庆平诊所 | L6: 四川省成都市龙泉驿区 | M6: 46104.32 | N6: 46103.636 | O6: 46103.635 | P6: 46098.809 | Q6: 46103.636 | R6: 7061.42 | S6: 27090.78 | T6: 87166.14 | U6: 76981.99 | V6: 51 | W6: 184 | X6: 593 | Y6: 535 | Z6: 260.07429 | AA6: -0.10098063 | AB6: 0.006413806 | AC6: -0.23680068 | AD6: =IF(AND($G6="正式版",$H6="中西医诊所"),IFERROR(R6/同类汇总数据!C$3,0),IF(AND($G6="正式版",$H6="中医诊所"),IFERROR(R6/同类汇总数据!C$4,0),IF(AND($G6="正式版",$H6="口腔诊所"),IFERROR(R6/同类汇总数据!C$5,0),IF(AND($G6="检查版",$H6="中西医诊所"),IFERROR(R6/同类汇总数据!C$6,0),IF(AND($G6="检查版",$H6="中医诊所"),IFERROR(R6/同类汇总数据!C$7,0),IF(AND($G6="检查版",$H6="口腔诊所"),IFERROR(R6/同类汇总数据!C$8,0),IF(AND($G6="互联网版",$H6="中西医诊所"),IFERROR(R6/同类汇总数据!C$9,0),IF(AND($G6="互联网版",$H6="中医诊所"),IFERROR(R6/同类汇总数据!C$10,0),IF(AND($G6="互联网版",$H6="口腔诊所"),IFERROR(R6/同类汇总数据!C$11,0)))))))))) -> 0.77159215 | AE6: =IF(AND($G6="正式版",$H6="中西医诊所"),IFERROR(S6/同类汇总数据!D$3,0),IF(AND($G6="正式版",$H6="中医诊所"),IFERROR(S6/同类汇总数据!D$4,0),IF(AND($G6="正式版",$H6="口腔诊所"),IFERROR(S6/同类汇总数据!D$5,0),IF(AND($G6="检查版",$H6="中西医诊所"),IFERROR(S6/同类汇总数据!D$6,0),IF(AND($G6="检查版",$H6="中医诊所"),IFERROR(S6/同类汇总数据!D$7,0),IF(AND($G6="检查版",$H6="口腔诊所"),IFERROR(S6/同类汇总数据!D$8,0),IF(AND($G6="互联网版",$H6="中西医诊所"),IFERROR(S6/同类汇总数据!D$9,0),IF(AND($G6="互联网版",$H6="中医诊所"),IFERROR(S6/同类汇总数据!D$10,0),IF(AND($G6="互联网版",$H6="口腔诊所"),IFERROR(S6/同类汇总数据!D$11,0)))))))))) -> 0.74254466 | AF6: =IF(AND($G6="正式版",$H6="中西医诊所"),IFERROR(T6/同类汇总数据!E$3,0),IF(AND($G6="正式版",$H6="中医诊所"),IFERROR(T6/同类汇总数据!E$4,0),IF(AND($G6="正式版",$H6="口腔诊所"),IFERROR(T6/同类汇总数据!E$5,0),IF(AND($G6="检查版",$H6="中西医诊所"),IFERROR(T6/同类汇总数据!E$6,0),IF(AND($G6="检查版",$H6="中医诊所"),IFERROR(T6/同类汇总数据!E$7,0),IF(AND($G6="检查版",$H6="口腔诊所"),IFERROR(T6/同类汇总数据!E$8,0),IF(AND($G6="互联网版",$H6="中西医诊所"),IFERROR(T6/同类汇总数据!E$9,0),IF(AND($G6="互联网版",$H6="中医诊所"),IFERROR(T6/同类汇总数据!E$10,0),IF(AND($G6="互联网版",$H6="口腔诊所"),IFERROR(T6/同类汇总数据!E$11,0)))))))))) -> 0.79883771 | AG6: =IF(AND($G6="正式版",$H6="中西医诊所"),IFERROR(U6/同类汇总数据!F$3,0),IF(AND($G6="正式版",$H6="中医诊所"),IFERROR(U6/同类汇总数据!F$4,0),IF(AND($G6="正式版",$H6="口腔诊所"),IFERROR(U6/同类汇总数据!F$5,0),IF(AND($G6="检查版",$H6="中西医诊所"),IFERROR(U6/同类汇总数据!F$6,0),IF(AND($G6="检查版",$H6="中医诊所"),IFERROR(U6/同类汇总数据!F$7,0),IF(AND($G6="检查版",$H6="口腔诊所"),IFERROR(U6/同类汇总数据!F$8,0),IF(AND($G6="互联网版",$H6="中西医诊所"),IFERROR(U6/同类汇总数据!F$9,0),IF(AND($G6="互联网版",$H6="中医诊所"),IFERROR(U6/同类汇总数据!F$10,0),IF(AND($G6="互联网版",$H6="口腔诊所"),IFERROR(U6/同类汇总数据!F$11,0)))))))))) -> 0.80253793 | AH6: =IF(AND($G6="正式版",$H6="中西医诊所"),IFERROR(V6/同类汇总数据!G$3,0),IF(AND($G6="正式版",$H6="中医诊所"),IFERROR(V6/同类汇总数据!G$4,0),IF(AND($G6="正式版",$H6="口腔诊所"),IFERROR(V6/同类汇总数据!G$5,0),IF(AND($G6="检查版",$H6="中西医诊所"),IFERROR(V6/同类汇总数据!G$6,0),IF(AND($G6="检查版",$H6="中医诊所"),IFERROR(V6/同类汇总数据!G$7,0),IF(AND($G6="检查版",$H6="口腔诊所"),IFERROR(V6/同类汇总数据!G$8,0),IF(AND($G6="互联网版",$H6="中西医诊所"),IFERROR(V6/同类汇总数据!G$9,0),IF(AND($G6="互联网版",$H6="中医诊所"),IFERROR(V6/同类汇总数据!G$10,0),IF(AND($G6="互联网版",$H6="口腔诊所"),IFERROR(V6/同类汇总数据!G$11,0)))))))))) -> 0.53796844 | AI6: =IF(AND($G6="正式版",$H6="中西医诊所"),IFERROR(W6/同类汇总数据!H$3,0),IF(AND($G6="正式版",$H6="中医诊所"),IFERROR(W6/同类汇总数据!H$4,0),IF(AND($G6="正式版",$H6="口腔诊所"),IFERROR(W6/同类汇总数据!H$5,0),IF(AND($G6="检查版",$H6="中西医诊所"),IFERROR(W6/同类汇总数据!H$6,0),IF(AND($G6="检查版",$H6="中医诊所"),IFERROR(W6/同类汇总数据!H$7,0),IF(AND($G6="检查版",$H6="口腔诊所"),IFERROR(W6/同类汇总数据!H$8,0),IF(AND($G6="互联网版",$H6="中西医诊所"),IFERROR(W6/同类汇总数据!H$9,0),IF(AND($G6="互联网版",$H6="中医诊所"),IFERROR(W6/同类汇总数据!H$10,0),IF(AND($G6="互联网版",$H6="口腔诊所"),IFERROR(W6/同类汇总数据!H$11,0)))))))))) -> 0.50324043 | AJ6: =IF(AND($G6="正式版",$H6="中西医诊所"),IFERROR(X6/同类汇总数据!I$3,0),IF(AND($G6="正式版",$H6="中医诊所"),IFERROR(X6/同类汇总数据!I$4,0),IF(AND($G6="正式版",$H6="口腔诊所"),IFERROR(X6/同类汇总数据!I$5,0),IF(AND($G6="检查版",$H6="中西医诊所"),IFERROR(X6/同类汇总数据!I$6,0),IF(AND($G6="检查版",$H6="中医诊所"),IFERROR(X6/同类汇总数据!I$7,0),IF(AND($G6="检查版",$H6="口腔诊所"),IFERROR(X6/同类汇总数据!I$8,0),IF(AND($G6="互联网版",$H6="中西医诊所"),IFERROR(X6/同类汇总数据!I$9,0),IF(AND($G6="互联网版",$H6="中医诊所"),IFERROR(X6/同类汇总数据!I$10,0),IF(AND($G6="互联网版",$H6="口腔诊所"),IFERROR(X6/同类汇总数据!I$11,0)))))))))) -> 0.52435654 | AK6: =IF(AND($G6="正式版",$H6="中西医诊所"),IFERROR(Y6/同类汇总数据!J$3,0),IF(AND($G6="正式版",$H6="中医诊所"),IFERROR(Y6/同类汇总数据!J$4,0),IF(AND($G6="正式版",$H6="口腔诊所"),IFERROR(Y6/同类汇总数据!J$5,0),IF(AND($G6="检查版",$H6="中西医诊所"),IFERROR(Y6/同类汇总数据!J$6,0),IF(AND($G6="检查版",$H6="中医诊所"),IFERROR(Y6/同类汇总数据!J$7,0),IF(AND($G6="检查版",$H6="口腔诊所"),IFERROR(Y6/同类汇总数据!J$8,0),IF(AND($G6="互联网版",$H6="中西医诊所"),IFERROR(Y6/同类汇总数据!J$9,0),IF(AND($G6="互联网版",$H6="中医诊所"),IFERROR(Y6/同类汇总数据!J$10,0),IF(AND($G6="互联网版",$H6="口腔诊所"),IFERROR(Y6/同类汇总数据!J$11,0)))))))))) -> 0.53458174 | AL6: =IF(YEAR(AO6)<YEAR(TODAY()),"今年内未操作",IF(DATEDIF(AO6,$B$1,"d")>90,"最近三月未操作",IF(DATEDIF(AO6,$B$1,"d")>30,"最近一月未操作",IF(DATEDIF(AO6,$B$1,"d")>7,"最近一周未操作","-")))) -> - | AM6: =IF(AE6<0.2,"低于同行20%",IF(AE6<0.5,"低于同行50%",IF(AE6>=2,"高于同行100%",IF(AE6>=1.5,"高于同行150%",IF(AE6>=1.2,"高于同行20%",""))))) | AN6: =IF(AI6<0.2,"低于同行20%",IF(AI6<0.5,"低于同行50%",IF(AI6>=2,"高于同行100%",IF(AI6>=1.5,"高于同行150%",IF(AI6>=1.2,"高于同行20%",""))))) | AO6: =MAX(IF(M6<>"",M6,0),IF(N6<>"",N6,0),IF(O6<>"",O6,0),IF(P6<>"",P6,0),IF(Q6<>"",Q6,0)) -> 46104.32 | AP6: =IF(AND(DATEDIF(AQ6,$B$1,"d")<=14,DATEDIF(N6,$B$1,"d")>14),"未支付","") | AQ6: 45043.974
A7: =ROW()-3 -> 4 | B7: =IF(V7=0,"无交易",IF(AND(Y7<=-0.2,Z7<=-0.2,AA7<=-0.2),"连续三月交易下滑",IF(AND(Y7>=0.2,Z7>=0.2,AA7>=0.2),"连续三月交易上升",IF(AND(Y7<0.2,Y7>-0.2,Z7<0.2,Z7>-0.2,AA7<0.2,AA7>-0.2),"交易平稳",IF(OR(ABS(Y7-Z7)>=0.2,ABS(Z7-AA7)>=0.2),"交易波动较大","-"))))) -> 交易波动较大 | C7: =IF(AA7<=-0.5,"本月交易额降超50%",IF(AA7<=-0.2,"本月交易额降超20%","")) | D7: =IF(DATEDIF(AO7,$B$1,"d")>30,"流失",IF(AND(DATEDIF(AO7,$B$1,"d")>7,DATEDIF(AO7,$B$1,"d")<=30),"可能流失",IF(AND(DATEDIF(AO7,$B$1,"d")<=7,DATEDIF(AO7,$B$1,"d")>3),"即将流失","-"))) -> - | E7: 1592353141383536642 | F7: 45043.974 | G7: 正式版 | H7: 中西医诊所 | I7: 四川省成都市 | J7: 龙泉驿区 | K7: 龙泉驿区十陵街办妙春诊所 | L7: 四川省成都市龙泉驿区 | M7: 46103.331 | N7: 46103.904 | O7: 46102.581 | P7: 45925.389 | Q7: 46103.904 | R7: 2214.2 | S7: 9614.2 | T7: 30303.95 | U7: 25732.1 | V7: 23 | W7: 98 | X7: 303 | Y7: 258 | Z7: 166.95519 | AA7: -0.058479045 | AB7: -0.025485761 | AC7: -0.40824907 | AD7: =IF(AND($G7="正式版",$H7="中西医诊所"),IFERROR(R7/同类汇总数据!C$3,0),IF(AND($G7="正式版",$H7="中医诊所"),IFERROR(R7/同类汇总数据!C$4,0),IF(AND($G7="正式版",$H7="口腔诊所"),IFERROR(R7/同类汇总数据!C$5,0),IF(AND($G7="检查版",$H7="中西医诊所"),IFERROR(R7/同类汇总数据!C$6,0),IF(AND($G7="检查版",$H7="中医诊所"),IFERROR(R7/同类汇总数据!C$7,0),IF(AND($G7="检查版",$H7="口腔诊所"),IFERROR(R7/同类汇总数据!C$8,0),IF(AND($G7="互联网版",$H7="中西医诊所"),IFERROR(R7/同类汇总数据!C$9,0),IF(AND($G7="互联网版",$H7="中医诊所"),IFERROR(R7/同类汇总数据!C$10,0),IF(AND($G7="互联网版",$H7="口腔诊所"),IFERROR(R7/同类汇总数据!C$11,0)))))))))) -> 0.24194274 | AE7: =IF(AND($G7="正式版",$H7="中西医诊所"),IFERROR(S7/同类汇总数据!D$3,0),IF(AND($G7="正式版",$H7="中医诊所"),IFERROR(S7/同类汇总数据!D$4,0),IF(AND($G7="正式版",$H7="口腔诊所"),IFERROR(S7/同类汇总数据!D$5,0),IF(AND($G7="检查版",$H7="中西医诊所"),IFERROR(S7/同类汇总数据!D$6,0),IF(AND($G7="检查版",$H7="中医诊所"),IFERROR(S7/同类汇总数据!D$7,0),IF(AND($G7="检查版",$H7="口腔诊所"),IFERROR(S7/同类汇总数据!D$8,0),IF(AND($G7="互联网版",$H7="中西医诊所"),IFERROR(S7/同类汇总数据!D$9,0),IF(AND($G7="互联网版",$H7="中医诊所"),IFERROR(S7/同类汇总数据!D$10,0),IF(AND($G7="互联网版",$H7="口腔诊所"),IFERROR(S7/同类汇总数据!D$11,0)))))))))) -> 0.26352039 | AF7: =IF(AND($G7="正式版",$H7="中西医诊所"),IFERROR(T7/同类汇总数据!E$3,0),IF(AND($G7="正式版",$H7="中医诊所"),IFERROR(T7/同类汇总数据!E$4,0),IF(AND($G7="正式版",$H7="口腔诊所"),IFERROR(T7/同类汇总数据!E$5,0),IF(AND($G7="检查版",$H7="中西医诊所"),IFERROR(T7/同类汇总数据!E$6,0),IF(AND($G7="检查版",$H7="中医诊所"),IFERROR(T7/同类汇总数据!E$7,0),IF(AND($G7="检查版",$H7="口腔诊所"),IFERROR(T7/同类汇总数据!E$8,0),IF(AND($G7="互联网版",$H7="中西医诊所"),IFERROR(T7/同类汇总数据!E$9,0),IF(AND($G7="互联网版",$H7="中医诊所"),IFERROR(T7/同类汇总数据!E$10,0),IF(AND($G7="互联网版",$H7="口腔诊所"),IFERROR(T7/同类汇总数据!E$11,0)))))))))) -> 0.27772181 | AG7: =IF(AND($G7="正式版",$H7="中西医诊所"),IFERROR(U7/同类汇总数据!F$3,0),IF(AND($G7="正式版",$H7="中医诊所"),IFERROR(U7/同类汇总数据!F$4,0),IF(AND($G7="正式版",$H7="口腔诊所"),IFERROR(U7/同类汇总数据!F$5,0),IF(AND($G7="检查版",$H7="中西医诊所"),IFERROR(U7/同类汇总数据!F$6,0),IF(AND($G7="检查版",$H7="中医诊所"),IFERROR(U7/同类汇总数据!F$7,0),IF(AND($G7="检查版",$H7="口腔诊所"),IFERROR(U7/同类汇总数据!F$8,0),IF(AND($G7="互联网版",$H7="中西医诊所"),IFERROR(U7/同类汇总数据!F$9,0),IF(AND($G7="互联网版",$H7="中医诊所"),IFERROR(U7/同类汇总数据!F$10,0),IF(AND($G7="互联网版",$H7="口腔诊所"),IFERROR(U7/同类汇总数据!F$11,0)))))))))) -> 0.26825737 | AH7: =IF(AND($G7="正式版",$H7="中西医诊所"),IFERROR(V7/同类汇总数据!G$3,0),IF(AND($G7="正式版",$H7="中医诊所"),IFERROR(V7/同类汇总数据!G$4,0),IF(AND($G7="正式版",$H7="口腔诊所"),IFERROR(V7/同类汇总数据!G$5,0),IF(AND($G7="检查版",$H7="中西医诊所"),IFERROR(V7/同类汇总数据!G$6,0),IF(AND($G7="检查版",$H7="中医诊所"),IFERROR(V7/同类汇总数据!G$7,0),IF(AND($G7="检查版",$H7="口腔诊所"),IFERROR(V7/同类汇总数据!G$8,0),IF(AND($G7="互联网版",$H7="中西医诊所"),IFERROR(V7/同类汇总数据!G$9,0),IF(AND($G7="互联网版",$H7="中医诊所"),IFERROR(V7/同类汇总数据!G$10,0),IF(AND($G7="互联网版",$H7="口腔诊所"),IFERROR(V7/同类汇总数据!G$11,0)))))))))) -> 0.24261322 | AI7: =IF(AND($G7="正式版",$H7="中西医诊所"),IFERROR(W7/同类汇总数据!H$3,0),IF(AND($G7="正式版",$H7="中医诊所"),IFERROR(W7/同类汇总数据!H$4,0),IF(AND($G7="正式版",$H7="口腔诊所"),IFERROR(W7/同类汇总数据!H$5,0),IF(AND($G7="检查版",$H7="中西医诊所"),IFERROR(W7/同类汇总数据!H$6,0),IF(AND($G7="检查版",$H7="中医诊所"),IFERROR(W7/同类汇总数据!H$7,0),IF(AND($G7="检查版",$H7="口腔诊所"),IFERROR(W7/同类汇总数据!H$8,0),IF(AND($G7="互联网版",$H7="中西医诊所"),IFERROR(W7/同类汇总数据!H$9,0),IF(AND($G7="互联网版",$H7="中医诊所"),IFERROR(W7/同类汇总数据!H$10,0),IF(AND($G7="互联网版",$H7="口腔诊所"),IFERROR(W7/同类汇总数据!H$11,0)))))))))) -> 0.26803023 | AJ7: =IF(AND($G7="正式版",$H7="中西医诊所"),IFERROR(X7/同类汇总数据!I$3,0),IF(AND($G7="正式版",$H7="中医诊所"),IFERROR(X7/同类汇总数据!I$4,0),IF(AND($G7="正式版",$H7="口腔诊所"),IFERROR(X7/同类汇总数据!I$5,0),IF(AND($G7="检查版",$H7="中西医诊所"),IFERROR(X7/同类汇总数据!I$6,0),IF(AND($G7="检查版",$H7="中医诊所"),IFERROR(X7/同类汇总数据!I$7,0),IF(AND($G7="检查版",$H7="口腔诊所"),IFERROR(X7/同类汇总数据!I$8,0),IF(AND($G7="互联网版",$H7="中西医诊所"),IFERROR(X7/同类汇总数据!I$9,0),IF(AND($G7="互联网版",$H7="中医诊所"),IFERROR(X7/同类汇总数据!I$10,0),IF(AND($G7="互联网版",$H7="口腔诊所"),IFERROR(X7/同类汇总数据!I$11,0)))))))))) -> 0.26792585 | AK7: =IF(AND($G7="正式版",$H7="中西医诊所"),IFERROR(Y7/同类汇总数据!J$3,0),IF(AND($G7="正式版",$H7="中医诊所"),IFERROR(Y7/同类汇总数据!J$4,0),IF(AND($G7="正式版",$H7="口腔诊所"),IFERROR(Y7/同类汇总数据!J$5,0),IF(AND($G7="检查版",$H7="中西医诊所"),IFERROR(Y7/同类汇总数据!J$6,0),IF(AND($G7="检查版",$H7="中医诊所"),IFERROR(Y7/同类汇总数据!J$7,0),IF(AND($G7="检查版",$H7="口腔诊所"),IFERROR(Y7/同类汇总数据!J$8,0),IF(AND($G7="互联网版",$H7="中西医诊所"),IFERROR(Y7/同类汇总数据!J$9,0),IF(AND($G7="互联网版",$H7="中医诊所"),IFERROR(Y7/同类汇总数据!J$10,0),IF(AND($G7="互联网版",$H7="口腔诊所"),IFERROR(Y7/同类汇总数据!J$11,0)))))))))) -> 0.2577983 | AL7: =IF(YEAR(AO7)<YEAR(TODAY()),"今年内未操作",IF(DATEDIF(AO7,$B$1,"d")>90,"最近三月未操作",IF(DATEDIF(AO7,$B$1,"d")>30,"最近一月未操作",IF(DATEDIF(AO7,$B$1,"d")>7,"最近一周未操作","-")))) -> - | AM7: =IF(AE7<0.2,"低于同行20%",IF(AE7<0.5,"低于同行50%",IF(AE7>=2,"高于同行100%",IF(AE7>=1.5,"高于同行150%",IF(AE7>=1.2,"高于同行20%",""))))) -> 低于同行50% | AN7: =IF(AI7<0.2,"低于同行20%",IF(AI7<0.5,"低于同行50%",IF(AI7>=2,"高于同行100%",IF(AI7>=1.5,"高于同行150%",IF(AI7>=1.2,"高于同行20%",""))))) -> 低于同行50% | AO7: =MAX(IF(M7<>"",M7,0),IF(N7<>"",N7,0),IF(O7<>"",O7,0),IF(P7<>"",P7,0),IF(Q7<>"",Q7,0)) -> 46103.904 | AP7: =IF(AND(DATEDIF(AQ7,$B$1,"d")<=14,DATEDIF(N7,$B$1,"d")>14),"未支付","") | AQ7: 45043.974
A8: =ROW()-3 -> 5 | B8: =IF(V8=0,"无交易",IF(AND(Y8<=-0.2,Z8<=-0.2,AA8<=-0.2),"连续三月交易下滑",IF(AND(Y8>=0.2,Z8>=0.2,AA8>=0.2),"连续三月交易上升",IF(AND(Y8<0.2,Y8>-0.2,Z8<0.2,Z8>-0.2,AA8<0.2,AA8>-0.2),"交易平稳",IF(OR(ABS(Y8-Z8)>=0.2,ABS(Z8-AA8)>=0.2),"交易波动较大","-"))))) -> 连续三月交易上升 | C8: =IF(AA8<=-0.5,"本月交易额降超50%",IF(AA8<=-0.2,"本月交易额降超20%","")) | D8: =IF(DATEDIF(AO8,$B$1,"d")>30,"流失",IF(AND(DATEDIF(AO8,$B$1,"d")>7,DATEDIF(AO8,$B$1,"d")<=30),"可能流失",IF(AND(DATEDIF(AO8,$B$1,"d")<=7,DATEDIF(AO8,$B$1,"d")>3),"即将流失","-"))) -> - | E8: 1592405760051290114 | F8: 45043.974 | G8: 正式版 | H8: 中西医诊所 | I8: 四川省成都市 | J8: 双流区 | K8: 双流时康诊所 | L8: 双流西航港大件路白家段998号23幢216号双流时康诊所 | M8: 46103.46 | N8: 46103.604 | O8: 46103.602 | P8: 46094.656 | Q8: 46103.604 | R8: 4760.81 | S8: 20496.89 | T8: 55998.08 | U8: 50133.57 | V8: 20 | W8: 71 | X8: 194 | Y8: 173 | Z8: 534.23194 | AA8: 0.78652494 | AB8: -0.5225161 | AC8: 0.036042675 | AD8: =IF(AND($G8="正式版",$H8="中西医诊所"),IFERROR(R8/同类汇总数据!C$3,0),IF(AND($G8="正式版",$H8="中医诊所"),IFERROR(R8/同类汇总数据!C$4,0),IF(AND($G8="正式版",$H8="口腔诊所"),IFERROR(R8/同类汇总数据!C$5,0),IF(AND($G8="检查版",$H8="中西医诊所"),IFERROR(R8/同类汇总数据!C$6,0),IF(AND($G8="检查版",$H8="中医诊所"),IFERROR(R8/同类汇总数据!C$7,0),IF(AND($G8="检查版",$H8="口腔诊所"),IFERROR(R8/同类汇总数据!C$8,0),IF(AND($G8="互联网版",$H8="中西医诊所"),IFERROR(R8/同类汇总数据!C$9,0),IF(AND($G8="互联网版",$H8="中医诊所"),IFERROR(R8/同类汇总数据!C$10,0),IF(AND($G8="互联网版",$H8="口腔诊所"),IFERROR(R8/同类汇总数据!C$11,0)))))))))) -> 0.5202075 | AE8: =IF(AND($G8="正式版",$H8="中西医诊所"),IFERROR(S8/同类汇总数据!D$3,0),IF(AND($G8="正式版",$H8="中医诊所"),IFERROR(S8/同类汇总数据!D$4,0),IF(AND($G8="正式版",$H8="口腔诊所"),IFERROR(S8/同类汇总数据!D$5,0),IF(AND($G8="检查版",$H8="中西医诊所"),IFERROR(S8/同类汇总数据!D$6,0),IF(AND($G8="检查版",$H8="中医诊所"),IFERROR(S8/同类汇总数据!D$7,0),IF(AND($G8="检查版",$H8="口腔诊所"),IFERROR(S8/同类汇总数据!D$8,0),IF(AND($G8="互联网版",$H8="中西医诊所"),IFERROR(S8/同类汇总数据!D$9,0),IF(AND($G8="互联网版",$H8="中医诊所"),IFERROR(S8/同类汇总数据!D$10,0),IF(AND($G8="互联网版",$H8="口腔诊所"),IFERROR(S8/同类汇总数据!D$11,0)))))))))) -> 0.56180945 | AF8: =IF(AND($G8="正式版",$H8="中西医诊所"),IFERROR(T8/同类汇总数据!E$3,0),IF(AND($G8="正式版",$H8="中医诊所"),IFERROR(T8/同类汇总数据!E$4,0),IF(AND($G8="正式版",$H8="口腔诊所"),IFERROR(T8/同类汇总数据!E$5,0),IF(AND($G8="检查版",$H8="中西医诊所"),IFERROR(T8/同类汇总数据!E$6,0),IF(AND($G8="检查版",$H8="中医诊所"),IFERROR(T8/同类汇总数据!E$7,0),IF(AND($G8="检查版",$H8="口腔诊所"),IFERROR(T8/同类汇总数据!E$8,0),IF(AND($G8="互联网版",$H8="中西医诊所"),IFERROR(T8/同类汇总数据!E$9,0),IF(AND($G8="互联网版",$H8="中医诊所"),IFERROR(T8/同类汇总数据!E$10,0),IF(AND($G8="互联网版",$H8="口腔诊所"),IFERROR(T8/同类汇总数据!E$11,0)))))))))) -> 0.51319673 | AG8: =IF(AND($G8="正式版",$H8="中西医诊所"),IFERROR(U8/同类汇总数据!F$3,0),IF(AND($G8="正式版",$H8="中医诊所"),IFERROR(U8/同类汇总数据!F$4,0),IF(AND($G8="正式版",$H8="口腔诊所"),IFERROR(U8/同类汇总数据!F$5,0),IF(AND($G8="检查版",$H8="中西医诊所"),IFERROR(U8/同类汇总数据!F$6,0),IF(AND($G8="检查版",$H8="中医诊所"),IFERROR(U8/同类汇总数据!F$7,0),IF(AND($G8="检查版",$H8="口腔诊所"),IFERROR(U8/同类汇总数据!F$8,0),IF(AND($G8="互联网版",$H8="中西医诊所"),IFERROR(U8/同类汇总数据!F$9,0),IF(AND($G8="互联网版",$H8="中医诊所"),IFERROR(U8/同类汇总数据!F$10,0),IF(AND($G8="互联网版",$H8="口腔诊所"),IFERROR(U8/同类汇总数据!F$11,0)))))))))) -> 0.52264291 | AH8: =IF(AND($G8="正式版",$H8="中西医诊所"),IFERROR(V8/同类汇总数据!G$3,0),IF(AND($G8="正式版",$H8="中医诊所"),IFERROR(V8/同类汇总数据!G$4,0),IF(AND($G8="正式版",$H8="口腔诊所"),IFERROR(V8/同类汇总数据!G$5,0),IF(AND($G8="检查版",$H8="中西医诊所"),IFERROR(V8/同类汇总数据!G$6,0),IF(AND($G8="检查版",$H8="中医诊所"),IFERROR(V8/同类汇总数据!G$7,0),IF(AND($G8="检查版",$H8="口腔诊所"),IFERROR(V8/同类汇总数据!G$8,0),IF(AND($G8="互联网版",$H8="中西医诊所"),IFERROR(V8/同类汇总数据!G$9,0),IF(AND($G8="互联网版",$H8="中医诊所"),IFERROR(V8/同类汇总数据!G$10,0),IF(AND($G8="互联网版",$H8="口腔诊所"),IFERROR(V8/同类汇总数据!G$11,0)))))))))) -> 0.21096802 | AI8: =IF(AND($G8="正式版",$H8="中西医诊所"),IFERROR(W8/同类汇总数据!H$3,0),IF(AND($G8="正式版",$H8="中医诊所"),IFERROR(W8/同类汇总数据!H$4,0),IF(AND($G8="正式版",$H8="口腔诊所"),IFERROR(W8/同类汇总数据!H$5,0),IF(AND($G8="检查版",$H8="中西医诊所"),IFERROR(W8/同类汇总数据!H$6,0),IF(AND($G8="检查版",$H8="中医诊所"),IFERROR(W8/同类汇总数据!H$7,0),IF(AND($G8="检查版",$H8="口腔诊所"),IFERROR(W8/同类汇总数据!H$8,0),IF(AND($G8="互联网版",$H8="中西医诊所"),IFERROR(W8/同类汇总数据!H$9,0),IF(AND($G8="互联网版",$H8="中医诊所"),IFERROR(W8/同类汇总数据!H$10,0),IF(AND($G8="互联网版",$H8="口腔诊所"),IFERROR(W8/同类汇总数据!H$11,0)))))))))) -> 0.19418517 | AJ8: =IF(AND($G8="正式版",$H8="中西医诊所"),IFERROR(X8/同类汇总数据!I$3,0),IF(AND($G8="正式版",$H8="中医诊所"),IFERROR(X8/同类汇总数据!I$4,0),IF(AND($G8="正式版",$H8="口腔诊所"),IFERROR(X8/同类汇总数据!I$5,0),IF(AND($G8="检查版",$H8="中西医诊所"),IFERROR(X8/同类汇总数据!I$6,0),IF(AND($G8="检查版",$H8="中医诊所"),IFERROR(X8/同类汇总数据!I$7,0),IF(AND($G8="检查版",$H8="口腔诊所"),IFERROR(X8/同类汇总数据!I$8,0),IF(AND($G8="互联网版",$H8="中西医诊所"),IFERROR(X8/同类汇总数据!I$9,0),IF(AND($G8="互联网版",$H8="中医诊所"),IFERROR(X8/同类汇总数据!I$10,0),IF(AND($G8="互联网版",$H8="口腔诊所"),IFERROR(X8/同类汇总数据!I$11,0)))))))))) -> 0.17154329 | AK8: =IF(AND($G8="正式版",$H8="中西医诊所"),IFERROR(Y8/同类汇总数据!J$3,0),IF(AND($G8="正式版",$H8="中医诊所"),IFERROR(Y8/同类汇总数据!J$4,0),IF(AND($G8="正式版",$H8="口腔诊所"),IFERROR(Y8/同类汇总数据!J$5,0),IF(AND($G8="检查版",$H8="中西医诊所"),IFERROR(Y8/同类汇总数据!J$6,0),IF(AND($G8="检查版",$H8="中医诊所"),IFERROR(Y8/同类汇总数据!J$7,0),IF(AND($G8="检查版",$H8="口腔诊所"),IFERROR(Y8/同类汇总数据!J$8,0),IF(AND($G8="互联网版",$H8="中西医诊所"),IFERROR(Y8/同类汇总数据!J$9,0),IF(AND($G8="互联网版",$H8="中医诊所"),IFERROR(Y8/同类汇总数据!J$10,0),IF(AND($G8="互联网版",$H8="口腔诊所"),IFERROR(Y8/同类汇总数据!J$11,0)))))))))) -> 0.17286475 | AL8: =IF(YEAR(AO8)<YEAR(TODAY()),"今年内未操作",IF(DATEDIF(AO8,$B$1,"d")>90,"最近三月未操作",IF(DATEDIF(AO8,$B$1,"d")>30,"最近一月未操作",IF(DATEDIF(AO8,$B$1,"d")>7,"最近一周未操作","-")))) -> - | AM8: =IF(AE8<0.2,"低于同行20%",IF(AE8<0.5,"低于同行50%",IF(AE8>=2,"高于同行100%",IF(AE8>=1.5,"高于同行150%",IF(AE8>=1.2,"高于同行20%",""))))) | AN8: =IF(AI8<0.2,"低于同行20%",IF(AI8<0.5,"低于同行50%",IF(AI8>=2,"高于同行100%",IF(AI8>=1.5,"高于同行150%",IF(AI8>=1.2,"高于同行20%",""))))) -> 低于同行20% | AO8: =MAX(IF(M8<>"",M8,0),IF(N8<>"",N8,0),IF(O8<>"",O8,0),IF(P8<>"",P8,0),IF(Q8<>"",Q8,0)) -> 46103.604 | AP8: =IF(AND(DATEDIF(AQ8,$B$1,"d")<=14,DATEDIF(N8,$B$1,"d")>14),"未支付","") | AQ8: 45043.974
A9: =ROW()-3 -> 6 | B9: =IF(V9=0,"无交易",IF(AND(Y9<=-0.2,Z9<=-0.2,AA9<=-0.2),"连续三月交易下滑",IF(AND(Y9>=0.2,Z9>=0.2,AA9>=0.2),"连续三月交易上升",IF(AND(Y9<0.2,Y9>-0.2,Z9<0.2,Z9>-0.2,AA9<0.2,AA9>-0.2),"交易平稳",IF(OR(ABS(Y9-Z9)>=0.2,ABS(Z9-AA9)>=0.2),"交易波动较大","-"))))) -> 连续三月交易上升 | C9: =IF(AA9<=-0.5,"本月交易额降超50%",IF(AA9<=-0.2,"本月交易额降超20%","")) | D9: =IF(DATEDIF(AO9,$B$1,"d")>30,"流失",IF(AND(DATEDIF(AO9,$B$1,"d")>7,DATEDIF(AO9,$B$1,"d")<=30),"可能流失",IF(AND(DATEDIF(AO9,$B$1,"d")<=7,DATEDIF(AO9,$B$1,"d")>3),"即将流失","-"))) -> - | E9: 1592416195328647169 | F9: 45043.974 | G9: 正式版 | H9: 中西医诊所 | I9: 四川省成都市 | J9: 龙泉驿区 | K9: 龙泉驿吉康诚中西医结合诊所 | L9: 四川省成都市龙泉驿区康阳路1111号13栋103号 | M9: 46104.365 | N9: 46104.397 | O9: 46104.376 | P9: 46102.658 | Q9: 46104.397 | R9: 16364.16 | S9: 60655.65 | T9: 180609.89 | U9: 152920.19 | V9: 305 | W9: 1089 | X9: 3219 | Y9: 2761 | Z9: 116.01063 | AA9: 0.52276096 | AB9: -0.50284692 | AC9: -0.11065019 | AD9: =IF(AND($G9="正式版",$H9="中西医诊所"),IFERROR(R9/同类汇总数据!C$3,0),IF(AND($G9="正式版",$H9="中医诊所"),IFERROR(R9/同类汇总数据!C$4,0),IF(AND($G9="正式版",$H9="口腔诊所"),IFERROR(R9/同类汇总数据!C$5,0),IF(AND($G9="检查版",$H9="中西医诊所"),IFERROR(R9/同类汇总数据!C$6,0),IF(AND($G9="检查版",$H9="中医诊所"),IFERROR(R9/同类汇总数据!C$7,0),IF(AND($G9="检查版",$H9="口腔诊所"),IFERROR(R9/同类汇总数据!C$8,0),IF(AND($G9="互联网版",$H9="中西医诊所"),IFERROR(R9/同类汇总数据!C$9,0),IF(AND($G9="互联网版",$H9="中医诊所"),IFERROR(R9/同类汇总数据!C$10,0),IF(AND($G9="互联网版",$H9="口腔诊所"),IFERROR(R9/同类汇总数据!C$11,0)))))))))) -> 1.7880904 | AE9: =IF(AND($G9="正式版",$H9="中西医诊所"),IFERROR(S9/同类汇总数据!D$3,0),IF(AND($G9="正式版",$H9="中医诊所"),IFERROR(S9/同类汇总数据!D$4,0),IF(AND($G9="正式版",$H9="口腔诊所"),IFERROR(S9/同类汇总数据!D$5,0),IF(AND($G9="检查版",$H9="中西医诊所"),IFERROR(S9/同类汇总数据!D$6,0),IF(AND($G9="检查版",$H9="中医诊所"),IFERROR(S9/同类汇总数据!D$7,0),IF(AND($G9="检查版",$H9="口腔诊所"),IFERROR(S9/同类汇总数据!D$8,0),IF(AND($G9="互联网版",$H9="中西医诊所"),IFERROR(S9/同类汇总数据!D$9,0),IF(AND($G9="互联网版",$H9="中医诊所"),IFERROR(S9/同类汇总数据!D$10,0),IF(AND($G9="互联网版",$H9="口腔诊所"),IFERROR(S9/同类汇总数据!D$11,0)))))))))) -> 1.6625409 | AF9: =IF(AND($G9="正式版",$H9="中西医诊所"),IFERROR(T9/同类汇总数据!E$3,0),IF(AND($G9="正式版",$H9="中医诊所"),IFERROR(T9/同类汇总数据!E$4,0),IF(AND($G9="正式版",$H9="口腔诊所"),IFERROR(T9/同类汇总数据!E$5,0),IF(AND($G9="检查版",$H9="中西医诊所"),IFERROR(T9/同类汇总数据!E$6,0),IF(AND($G9="检查版",$H9="中医诊所"),IFERROR(T9/同类汇总数据!E$7,0),IF(AND($G9="检查版",$H9="口腔诊所"),IFERROR(T9/同类汇总数据!E$8,0),IF(AND($G9="互联网版",$H9="中西医诊所"),IFERROR(T9/同类汇总数据!E$9,0),IF(AND($G9="互联网版",$H9="中医诊所"),IFERROR(T9/同类汇总数据!E$10,0),IF(AND($G9="互联网版",$H9="口腔诊所"),IFERROR(T9/同类汇总数据!E$11,0)))))))))) -> 1.6552068 | AG9: =IF(AND($G9="正式版",$H9="中西医诊所"),IFERROR(U9/同类汇总数据!F$3,0),IF(AND($G9="正式版",$H9="中医诊所"),IFERROR(U9/同类汇总数据!F$4,0),IF(AND($G9="正式版",$H9="口腔诊所"),IFERROR(U9/同类汇总数据!F$5,0),IF(AND($G9="检查版",$H9="中西医诊所"),IFERROR(U9/同类汇总数据!F$6,0),IF(AND($G9="检查版",$H9="中医诊所"),IFERROR(U9/同类汇总数据!F$7,0),IF(AND($G9="检查版",$H9="口腔诊所"),IFERROR(U9/同类汇总数据!F$8,0),IF(AND($G9="互联网版",$H9="中西医诊所"),IFERROR(U9/同类汇总数据!F$9,0),IF(AND($G9="互联网版",$H9="中医诊所"),IFERROR(U9/同类汇总数据!F$10,0),IF(AND($G9="互联网版",$H9="口腔诊所"),IFERROR(U9/同类汇总数据!F$11,0)))))))))) -> 1.5941943 | AH9: =IF(AND($G9="正式版",$H9="中西医诊所"),IFERROR(V9/同类汇总数据!G$3,0),IF(AND($G9="正式版",$H9="中医诊所"),IFERROR(V9/同类汇总数据!G$4,0),IF(AND($G9="正式版",$H9="口腔诊所"),IFERROR(V9/同类汇总数据!G$5,0),IF(AND($G9="检查版",$H9="中西医诊所"),IFERROR(V9/同类汇总数据!G$6,0),IF(AND($G9="检查版",$H9="中医诊所"),IFERROR(V9/同类汇总数据!G$7,0),IF(AND($G9="检查版",$H9="口腔诊所"),IFERROR(V9/同类汇总数据!G$8,0),IF(AND($G9="互联网版",$H9="中西医诊所"),IFERROR(V9/同类汇总数据!G$9,0),IF(AND($G9="互联网版",$H9="中医诊所"),IFERROR(V9/同类汇总数据!G$10,0),IF(AND($G9="互联网版",$H9="口腔诊所"),IFERROR(V9/同类汇总数据!G$11,0)))))))))) -> 3.2172622 | AI9: =IF(AND($G9="正式版",$H9="中西医诊所"),IFERROR(W9/同类汇总数据!H$3,0),IF(AND($G9="正式版",$H9="中医诊所"),IFERROR(W9/同类汇总数据!H$4,0),IF(AND($G9="正式版",$H9="口腔诊所"),IFERROR(W9/同类汇总数据!H$5,0),IF(AND($G9="检查版",$H9="中西医诊所"),IFERROR(W9/同类汇总数据!H$6,0),IF(AND($G9="检查版",$H9="中医诊所"),IFERROR(W9/同类汇总数据!H$7,0),IF(AND($G9="检查版",$H9="口腔诊所"),IFERROR(W9/同类汇总数据!H$8,0),IF(AND($G9="互联网版",$H9="中西医诊所"),IFERROR(W9/同类汇总数据!H$9,0),IF(AND($G9="互联网版",$H9="中医诊所"),IFERROR(W9/同类汇总数据!H$10,0),IF(AND($G9="互联网版",$H9="口腔诊所"),IFERROR(W9/同类汇总数据!H$11,0)))))))))) -> 2.9784175 | AJ9: =IF(AND($G9="正式版",$H9="中西医诊所"),IFERROR(X9/同类汇总数据!I$3,0),IF(AND($G9="正式版",$H9="中医诊所"),IFERROR(X9/同类汇总数据!I$4,0),IF(AND($G9="正式版",$H9="口腔诊所"),IFERROR(X9/同类汇总数据!I$5,0),IF(AND($G9="检查版",$H9="中西医诊所"),IFERROR(X9/同类汇总数据!I$6,0),IF(AND($G9="检查版",$H9="中医诊所"),IFERROR(X9/同类汇总数据!I$7,0),IF(AND($G9="检查版",$H9="口腔诊所"),IFERROR(X9/同类汇总数据!I$8,0),IF(AND($G9="互联网版",$H9="中西医诊所"),IFERROR(X9/同类汇总数据!I$9,0),IF(AND($G9="互联网版",$H9="中医诊所"),IFERROR(X9/同类汇总数据!I$10,0),IF(AND($G9="互联网版",$H9="口腔诊所"),IFERROR(X9/同类汇总数据!I$11,0)))))))))) -> 2.8463806 | AK9: =IF(AND($G9="正式版",$H9="中西医诊所"),IFERROR(Y9/同类汇总数据!J$3,0),IF(AND($G9="正式版",$H9="中医诊所"),IFERROR(Y9/同类汇总数据!J$4,0),IF(AND($G9="正式版",$H9="口腔诊所"),IFERROR(Y9/同类汇总数据!J$5,0),IF(AND($G9="检查版",$H9="中西医诊所"),IFERROR(Y9/同类汇总数据!J$6,0),IF(AND($G9="检查版",$H9="中医诊所"),IFERROR(Y9/同类汇总数据!J$7,0),IF(AND($G9="检查版",$H9="口腔诊所"),IFERROR(Y9/同类汇总数据!J$8,0),IF(AND($G9="互联网版",$H9="中西医诊所"),IFERROR(Y9/同类汇总数据!J$9,0),IF(AND($G9="互联网版",$H9="中医诊所"),IFERROR(Y9/同类汇总数据!J$10,0),IF(AND($G9="互联网版",$H9="口腔诊所"),IFERROR(Y9/同类汇总数据!J$11,0)))))))))) -> 2.7588415 | AL9: =IF(YEAR(AO9)<YEAR(TODAY()),"今年内未操作",IF(DATEDIF(AO9,$B$1,"d")>90,"最近三月未操作",IF(DATEDIF(AO9,$B$1,"d")>30,"最近一月未操作",IF(DATEDIF(AO9,$B$1,"d")>7,"最近一周未操作","-")))) -> - | AM9: =IF(AE9<0.2,"低于同行20%",IF(AE9<0.5,"低于同行50%",IF(AE9>=2,"高于同行100%",IF(AE9>=1.5,"高于同行150%",IF(AE9>=1.2,"高于同行20%",""))))) -> 高于同行150% | AN9: =IF(AI9<0.2,"低于同行20%",IF(AI9<0.5,"低于同行50%",IF(AI9>=2,"高于同行100%",IF(AI9>=1.5,"高于同行150%",IF(AI9>=1.2,"高于同行20%",""))))) -> 高于同行100% | AO9: =MAX(IF(M9<>"",M9,0),IF(N9<>"",N9,0),IF(O9<>"",O9,0),IF(P9<>"",P9,0),IF(Q9<>"",Q9,0)) -> 46104.397 | AP9: =IF(AND(DATEDIF(AQ9,$B$1,"d")<=14,DATEDIF(N9,$B$1,"d")>14),"未支付","") | AQ9: 45043.974
A10: =ROW()-3 -> 7 | B10: =IF(V10=0,"无交易",IF(AND(Y10<=-0.2,Z10<=-0.2,AA10<=-0.2),"连续三月交易下滑",IF(AND(Y10>=0.2,Z10>=0.2,AA10>=0.2),"连续三月交易上升",IF(AND(Y10<0.2,Y10>-0.2,Z10<0.2,Z10>-0.2,AA10<0.2,AA10>-0.2),"交易平稳",IF(OR(ABS(Y10-Z10)>=0.2,ABS(Z10-AA10)>=0.2),"交易波动较大","-"))))) -> 无交易 | C10: =IF(AA10<=-0.5,"本月交易额降超50%",IF(AA10<=-0.2,"本月交易额降超20%","")) | D10: =IF(DATEDIF(AO10,$B$1,"d")>30,"流失",IF(AND(DATEDIF(AO10,$B$1,"d")>7,DATEDIF(AO10,$B$1,"d")<=30),"可能流失",IF(AND(DATEDIF(AO10,$B$1,"d")<=7,DATEDIF(AO10,$B$1,"d")>3),"即将流失","-"))) -> 流失 | E10: 1593175224812371969 | F10: 45043.974 | G10: 检查版 | H10: 中西医诊所 | I10: 四川省成都市 | J10: 高新区 | K10: 成都高新谦康中西医结合诊所有限责任公司 | L10: 四川省成都市高新区 | M10: 45456.393 | P10: 45456.53 | AD10: =IF(AND($G10="正式版",$H10="中西医诊所"),IFERROR(R10/同类汇总数据!C$3,0),IF(AND($G10="正式版",$H10="中医诊所"),IFERROR(R10/同类汇总数据!C$4,0),IF(AND($G10="正式版",$H10="口腔诊所"),IFERROR(R10/同类汇总数据!C$5,0),IF(AND($G10="检查版",$H10="中西医诊所"),IFERROR(R10/同类汇总数据!C$6,0),IF(AND($G10="检查版",$H10="中医诊所"),IFERROR(R10/同类汇总数据!C$7,0),IF(AND($G10="检查版",$H10="口腔诊所"),IFERROR(R10/同类汇总数据!C$8,0),IF(AND($G10="互联网版",$H10="中西医诊所"),IFERROR(R10/同类汇总数据!C$9,0),IF(AND($G10="互联网版",$H10="中医诊所"),IFERROR(R10/同类汇总数据!C$10,0),IF(AND($G10="互联网版",$H10="口腔诊所"),IFERROR(R10/同类汇总数据!C$11,0)))))))))) -> 0 | AE10: =IF(AND($G10="正式版",$H10="中西医诊所"),IFERROR(S10/同类汇总数据!D$3,0),IF(AND($G10="正式版",$H10="中医诊所"),IFERROR(S10/同类汇总数据!D$4,0),IF(AND($G10="正式版",$H10="口腔诊所"),IFERROR(S10/同类汇总数据!D$5,0),IF(AND($G10="检查版",$H10="中西医诊所"),IFERROR(S10/同类汇总数据!D$6,0),IF(AND($G10="检查版",$H10="中医诊所"),IFERROR(S10/同类汇总数据!D$7,0),IF(AND($G10="检查版",$H10="口腔诊所"),IFERROR(S10/同类汇总数据!D$8,0),IF(AND($G10="互联网版",$H10="中西医诊所"),IFERROR(S10/同类汇总数据!D$9,0),IF(AND($G10="互联网版",$H10="中医诊所"),IFERROR(S10/同类汇总数据!D$10,0),IF(AND($G10="互联网版",$H10="口腔诊所"),IFERROR(S10/同类汇总数据!D$11,0)))))))))) -> 0 | AF10: =IF(AND($G10="正式版",$H10="中西医诊所"),IFERROR(T10/同类汇总数据!E$3,0),IF(AND($G10="正式版",$H10="中医诊所"),IFERROR(T10/同类汇总数据!E$4,0),IF(AND($G10="正式版",$H10="口腔诊所"),IFERROR(T10/同类汇总数据!E$5,0),IF(AND($G10="检查版",$H10="中西医诊所"),IFERROR(T10/同类汇总数据!E$6,0),IF(AND($G10="检查版",$H10="中医诊所"),IFERROR(T10/同类汇总数据!E$7,0),IF(AND($G10="检查版",$H10="口腔诊所"),IFERROR(T10/同类汇总数据!E$8,0),IF(AND($G10="互联网版",$H10="中西医诊所"),IFERROR(T10/同类汇总数据!E$9,0),IF(AND($G10="互联网版",$H10="中医诊所"),IFERROR(T10/同类汇总数据!E$10,0),IF(AND($G10="互联网版",$H10="口腔诊所"),IFERROR(T10/同类汇总数据!E$11,0)))))))))) -> 0 | AG10: =IF(AND($G10="正式版",$H10="中西医诊所"),IFERROR(U10/同类汇总数据!F$3,0),IF(AND($G10="正式版",$H10="中医诊所"),IFERROR(U10/同类汇总数据!F$4,0),IF(AND($G10="正式版",$H10="口腔诊所"),IFERROR(U10/同类汇总数据!F$5,0),IF(AND($G10="检查版",$H10="中西医诊所"),IFERROR(U10/同类汇总数据!F$6,0),IF(AND($G10="检查版",$H10="中医诊所"),IFERROR(U10/同类汇总数据!F$7,0),IF(AND($G10="检查版",$H10="口腔诊所"),IFERROR(U10/同类汇总数据!F$8,0),IF(AND($G10="互联网版",$H10="中西医诊所"),IFERROR(U10/同类汇总数据!F$9,0),IF(AND($G10="互联网版",$H10="中医诊所"),IFERROR(U10/同类汇总数据!F$10,0),IF(AND($G10="互联网版",$H10="口腔诊所"),IFERROR(U10/同类汇总数据!F$11,0)))))))))) -> 0 | AH10: =IF(AND($G10="正式版",$H10="中西医诊所"),IFERROR(V10/同类汇总数据!G$3,0),IF(AND($G10="正式版",$H10="中医诊所"),IFERROR(V10/同类汇总数据!G$4,0),IF(AND($G10="正式版",$H10="口腔诊所"),IFERROR(V10/同类汇总数据!G$5,0),IF(AND($G10="检查版",$H10="中西医诊所"),IFERROR(V10/同类汇总数据!G$6,0),IF(AND($G10="检查版",$H10="中医诊所"),IFERROR(V10/同类汇总数据!G$7,0),IF(AND($G10="检查版",$H10="口腔诊所"),IFERROR(V10/同类汇总数据!G$8,0),IF(AND($G10="互联网版",$H10="中西医诊所"),IFERROR(V10/同类汇总数据!G$9,0),IF(AND($G10="互联网版",$H10="中医诊所"),IFERROR(V10/同类汇总数据!G$10,0),IF(AND($G10="互联网版",$H10="口腔诊所"),IFERROR(V10/同类汇总数据!G$11,0)))))))))) -> 0 | AI10: =IF(AND($G10="正式版",$H10="中西医诊所"),IFERROR(W10/同类汇总数据!H$3,0),IF(AND($G10="正式版",$H10="中医诊所"),IFERROR(W10/同类汇总数据!H$4,0),IF(AND($G10="正式版",$H10="口腔诊所"),IFERROR(W10/同类汇总数据!H$5,0),IF(AND($G10="检查版",$H10="中西医诊所"),IFERROR(W10/同类汇总数据!H$6,0),IF(AND($G10="检查版",$H10="中医诊所"),IFERROR(W10/同类汇总数据!H$7,0),IF(AND($G10="检查版",$H10="口腔诊所"),IFERROR(W10/同类汇总数据!H$8,0),IF(AND($G10="互联网版",$H10="中西医诊所"),IFERROR(W10/同类汇总数据!H$9,0),IF(AND($G10="互联网版",$H10="中医诊所"),IFERROR(W10/同类汇总数据!H$10,0),IF(AND($G10="互联网版",$H10="口腔诊所"),IFERROR(W10/同类汇总数据!H$11,0)))))))))) -> 0 | AJ10: =IF(AND($G10="正式版",$H10="中西医诊所"),IFERROR(X10/同类汇总数据!I$3,0),IF(AND($G10="正式版",$H10="中医诊所"),IFERROR(X10/同类汇总数据!I$4,0),IF(AND($G10="正式版",$H10="口腔诊所"),IFERROR(X10/同类汇总数据!I$5,0),IF(AND($G10="检查版",$H10="中西医诊所"),IFERROR(X10/同类汇总数据!I$6,0),IF(AND($G10="检查版",$H10="中医诊所"),IFERROR(X10/同类汇总数据!I$7,0),IF(AND($G10="检查版",$H10="口腔诊所"),IFERROR(X10/同类汇总数据!I$8,0),IF(AND($G10="互联网版",$H10="中西医诊所"),IFERROR(X10/同类汇总数据!I$9,0),IF(AND($G10="互联网版",$H10="中医诊所"),IFERROR(X10/同类汇总数据!I$10,0),IF(AND($G10="互联网版",$H10="口腔诊所"),IFERROR(X10/同类汇总数据!I$11,0)))))))))) -> 0 | AK10: =IF(AND($G10="正式版",$H10="中西医诊所"),IFERROR(Y10/同类汇总数据!J$3,0),IF(AND($G10="正式版",$H10="中医诊所"),IFERROR(Y10/同类汇总数据!J$4,0),IF(AND($G10="正式版",$H10="口腔诊所"),IFERROR(Y10/同类汇总数据!J$5,0),IF(AND($G10="检查版",$H10="中西医诊所"),IFERROR(Y10/同类汇总数据!J$6,0),IF(AND($G10="检查版",$H10="中医诊所"),IFERROR(Y10/同类汇总数据!J$7,0),IF(AND($G10="检查版",$H10="口腔诊所"),IFERROR(Y10/同类汇总数据!J$8,0),IF(AND($G10="互联网版",$H10="中西医诊所"),IFERROR(Y10/同类汇总数据!J$9,0),IF(AND($G10="互联网版",$H10="中医诊所"),IFERROR(Y10/同类汇总数据!J$10,0),IF(AND($G10="互联网版",$H10="口腔诊所"),IFERROR(Y10/同类汇总数据!J$11,0)))))))))) -> 0 | AL10: =IF(YEAR(AO10)<YEAR(TODAY()),"今年内未操作",IF(DATEDIF(AO10,$B$1,"d")>90,"最近三月未操作",IF(DATEDIF(AO10,$B$1,"d")>30,"最近一月未操作",IF(DATEDIF(AO10,$B$1,"d")>7,"最近一周未操作","-")))) -> 今年内未操作 | AM10: =IF(AE10<0.2,"低于同行20%",IF(AE10<0.5,"低于同行50%",IF(AE10>=2,"高于同行100%",IF(AE10>=1.5,"高于同行150%",IF(AE10>=1.2,"高于同行20%",""))))) -> 低于同行20% | AN10: =IF(AI10<0.2,"低于同行20%",IF(AI10<0.5,"低于同行50%",IF(AI10>=2,"高于同行100%",IF(AI10>=1.5,"高于同行150%",IF(AI10>=1.2,"高于同行20%",""))))) -> 低于同行20% | AO10: =MAX(IF(M10<>"",M10,0),IF(N10<>"",N10,0),IF(O10<>"",O10,0),IF(P10<>"",P10,0),IF(Q10<>"",Q10,0)) -> 45456.53 | AP10: =IF(AND(DATEDIF(AQ10,$B$1,"d")<=14,DATEDIF(N10,$B$1,"d")>14),"未支付","") | AQ10: 45043.974
A11: =ROW()-3 -> 8 | B11: =IF(V11=0,"无交易",IF(AND(Y11<=-0.2,Z11<=-0.2,AA11<=-0.2),"连续三月交易下滑",IF(AND(Y11>=0.2,Z11>=0.2,AA11>=0.2),"连续三月交易上升",IF(AND(Y11<0.2,Y11>-0.2,Z11<0.2,Z11>-0.2,AA11<0.2,AA11>-0.2),"交易平稳",IF(OR(ABS(Y11-Z11)>=0.2,ABS(Z11-AA11)>=0.2),"交易波动较大","-"))))) -> 无交易 | C11: =IF(AA11<=-0.5,"本月交易额降超50%",IF(AA11<=-0.2,"本月交易额降超20%","")) | D11: =IF(DATEDIF(AO11,$B$1,"d")>30,"流失",IF(AND(DATEDIF(AO11,$B$1,"d")>7,DATEDIF(AO11,$B$1,"d")<=30),"可能流失",IF(AND(DATEDIF(AO11,$B$1,"d")<=7,DATEDIF(AO11,$B$1,"d")>3),"即将流失","-"))) -> 流失 | E11: 1593177936950001665 | F11: 45043.974 | G11: 检查版 | H11: 口腔诊所 | I11: 四川省成都市 | J11: 高新区 | K11: 成都高新谦谦口腔诊所有限责任公司 | L11: 四川省成都市高新区 | M11: 45268.735 | P11: 45172.383 | AD11: =IF(AND($G11="正式版",$H11="中西医诊所"),IFERROR(R11/同类汇总数据!C$3,0),IF(AND($G11="正式版",$H11="中医诊所"),IFERROR(R11/同类汇总数据!C$4,0),IF(AND($G11="正式版",$H11="口腔诊所"),IFERROR(R11/同类汇总数据!C$5,0),IF(AND($G11="检查版",$H11="中西医诊所"),IFERROR(R11/同类汇总数据!C$6,0),IF(AND($G11="检查版",$H11="中医诊所"),IFERROR(R11/同类汇总数据!C$7,0),IF(AND($G11="检查版",$H11="口腔诊所"),IFERROR(R11/同类汇总数据!C$8,0),IF(AND($G11="互联网版",$H11="中西医诊所"),IFERROR(R11/同类汇总数据!C$9,0),IF(AND($G11="互联网版",$H11="中医诊所"),IFERROR(R11/同类汇总数据!C$10,0),IF(AND($G11="互联网版",$H11="口腔诊所"),IFERROR(R11/同类汇总数据!C$11,0)))))))))) -> 0 | AE11: =IF(AND($G11="正式版",$H11="中西医诊所"),IFERROR(S11/同类汇总数据!D$3,0),IF(AND($G11="正式版",$H11="中医诊所"),IFERROR(S11/同类汇总数据!D$4,0),IF(AND($G11="正式版",$H11="口腔诊所"),IFERROR(S11/同类汇总数据!D$5,0),IF(AND($G11="检查版",$H11="中西医诊所"),IFERROR(S11/同类汇总数据!D$6,0),IF(AND($G11="检查版",$H11="中医诊所"),IFERROR(S11/同类汇总数据!D$7,0),IF(AND($G11="检查版",$H11="口腔诊所"),IFERROR(S11/同类汇总数据!D$8,0),IF(AND($G11="互联网版",$H11="中西医诊所"),IFERROR(S11/同类汇总数据!D$9,0),IF(AND($G11="互联网版",$H11="中医诊所"),IFERROR(S11/同类汇总数据!D$10,0),IF(AND($G11="互联网版",$H11="口腔诊所"),IFERROR(S11/同类汇总数据!D$11,0)))))))))) -> 0 | AF11: =IF(AND($G11="正式版",$H11="中西医诊所"),IFERROR(T11/同类汇总数据!E$3,0),IF(AND($G11="正式版",$H11="中医诊所"),IFERROR(T11/同类汇总数据!E$4,0),IF(AND($G11="正式版",$H11="口腔诊所"),IFERROR(T11/同类汇总数据!E$5,0),IF(AND($G11="检查版",$H11="中西医诊所"),IFERROR(T11/同类汇总数据!E$6,0),IF(AND($G11="检查版",$H11="中医诊所"),IFERROR(T11/同类汇总数据!E$7,0),IF(AND($G11="检查版",$H11="口腔诊所"),IFERROR(T11/同类汇总数据!E$8,0),IF(AND($G11="互联网版",$H11="中西医诊所"),IFERROR(T11/同类汇总数据!E$9,0),IF(AND($G11="互联网版",$H11="中医诊所"),IFERROR(T11/同类汇总数据!E$10,0),IF(AND($G11="互联网版",$H11="口腔诊所"),IFERROR(T11/同类汇总数据!E$11,0)))))))))) -> 0 | AG11: =IF(AND($G11="正式版",$H11="中西医诊所"),IFERROR(U11/同类汇总数据!F$3,0),IF(AND($G11="正式版",$H11="中医诊所"),IFERROR(U11/同类汇总数据!F$4,0),IF(AND($G11="正式版",$H11="口腔诊所"),IFERROR(U11/同类汇总数据!F$5,0),IF(AND($G11="检查版",$H11="中西医诊所"),IFERROR(U11/同类汇总数据!F$6,0),IF(AND($G11="检查版",$H11="中医诊所"),IFERROR(U11/同类汇总数据!F$7,0),IF(AND($G11="检查版",$H11="口腔诊所"),IFERROR(U11/同类汇总数据!F$8,0),IF(AND($G11="互联网版",$H11="中西医诊所"),IFERROR(U11/同类汇总数据!F$9,0),IF(AND($G11="互联网版",$H11="中医诊所"),IFERROR(U11/同类汇总数据!F$10,0),IF(AND($G11="互联网版",$H11="口腔诊所"),IFERROR(U11/同类汇总数据!F$11,0)))))))))) -> 0 | AH11: =IF(AND($G11="正式版",$H11="中西医诊所"),IFERROR(V11/同类汇总数据!G$3,0),IF(AND($G11="正式版",$H11="中医诊所"),IFERROR(V11/同类汇总数据!G$4,0),IF(AND($G11="正式版",$H11="口腔诊所"),IFERROR(V11/同类汇总数据!G$5,0),IF(AND($G11="检查版",$H11="中西医诊所"),IFERROR(V11/同类汇总数据!G$6,0),IF(AND($G11="检查版",$H11="中医诊所"),IFERROR(V11/同类汇总数据!G$7,0),IF(AND($G11="检查版",$H11="口腔诊所"),IFERROR(V11/同类汇总数据!G$8,0),IF(AND($G11="互联网版",$H11="中西医诊所"),IFERROR(V11/同类汇总数据!G$9,0),IF(AND($G11="互联网版",$H11="中医诊所"),IFERROR(V11/同类汇总数据!G$10,0),IF(AND($G11="互联网版",$H11="口腔诊所"),IFERROR(V11/同类汇总数据!G$11,0)))))))))) -> 0 | AI11: =IF(AND($G11="正式版",$H11="中西医诊所"),IFERROR(W11/同类汇总数据!H$3,0),IF(AND($G11="正式版",$H11="中医诊所"),IFERROR(W11/同类汇总数据!H$4,0),IF(AND($G11="正式版",$H11="口腔诊所"),IFERROR(W11/同类汇总数据!H$5,0),IF(AND($G11="检查版",$H11="中西医诊所"),IFERROR(W11/同类汇总数据!H$6,0),IF(AND($G11="检查版",$H11="中医诊所"),IFERROR(W11/同类汇总数据!H$7,0),IF(AND($G11="检查版",$H11="口腔诊所"),IFERROR(W11/同类汇总数据!H$8,0),IF(AND($G11="互联网版",$H11="中西医诊所"),IFERROR(W11/同类汇总数据!H$9,0),IF(AND($G11="互联网版",$H11="中医诊所"),IFERROR(W11/同类汇总数据!H$10,0),IF(AND($G11="互联网版",$H11="口腔诊所"),IFERROR(W11/同类汇总数据!H$11,0)))))))))) -> 0 | AJ11: =IF(AND($G11="正式版",$H11="中西医诊所"),IFERROR(X11/同类汇总数据!I$3,0),IF(AND($G11="正式版",$H11="中医诊所"),IFERROR(X11/同类汇总数据!I$4,0),IF(AND($G11="正式版",$H11="口腔诊所"),IFERROR(X11/同类汇总数据!I$5,0),IF(AND($G11="检查版",$H11="中西医诊所"),IFERROR(X11/同类汇总数据!I$6,0),IF(AND($G11="检查版",$H11="中医诊所"),IFERROR(X11/同类汇总数据!I$7,0),IF(AND($G11="检查版",$H11="口腔诊所"),IFERROR(X11/同类汇总数据!I$8,0),IF(AND($G11="互联网版",$H11="中西医诊所"),IFERROR(X11/同类汇总数据!I$9,0),IF(AND($G11="互联网版",$H11="中医诊所"),IFERROR(X11/同类汇总数据!I$10,0),IF(AND($G11="互联网版",$H11="口腔诊所"),IFERROR(X11/同类汇总数据!I$11,0)))))))))) -> 0 | AK11: =IF(AND($G11="正式版",$H11="中西医诊所"),IFERROR(Y11/同类汇总数据!J$3,0),IF(AND($G11="正式版",$H11="中医诊所"),IFERROR(Y11/同类汇总数据!J$4,0),IF(AND($G11="正式版",$H11="口腔诊所"),IFERROR(Y11/同类汇总数据!J$5,0),IF(AND($G11="检查版",$H11="中西医诊所"),IFERROR(Y11/同类汇总数据!J$6,0),IF(AND($G11="检查版",$H11="中医诊所"),IFERROR(Y11/同类汇总数据!J$7,0),IF(AND($G11="检查版",$H11="口腔诊所"),IFERROR(Y11/同类汇总数据!J$8,0),IF(AND($G11="互联网版",$H11="中西医诊所"),IFERROR(Y11/同类汇总数据!J$9,0),IF(AND($G11="互联网版",$H11="中医诊所"),IFERROR(Y11/同类汇总数据!J$10,0),IF(AND($G11="互联网版",$H11="口腔诊所"),IFERROR(Y11/同类汇总数据!J$11,0)))))))))) -> 0 | AL11: =IF(YEAR(AO11)<YEAR(TODAY()),"今年内未操作",IF(DATEDIF(AO11,$B$1,"d")>90,"最近三月未操作",IF(DATEDIF(AO11,$B$1,"d")>30,"最近一月未操作",IF(DATEDIF(AO11,$B$1,"d")>7,"最近一周未操作","-")))) -> 今年内未操作 | AM11: =IF(AE11<0.2,"低于同行20%",IF(AE11<0.5,"低于同行50%",IF(AE11>=2,"高于同行100%",IF(AE11>=1.5,"高于同行150%",IF(AE11>=1.2,"高于同行20%",""))))) -> 低于同行20% | AN11: =IF(AI11<0.2,"低于同行20%",IF(AI11<0.5,"低于同行50%",IF(AI11>=2,"高于同行100%",IF(AI11>=1.5,"高于同行150%",IF(AI11>=1.2,"高于同行20%",""))))) -> 低于同行20% | AO11: =MAX(IF(M11<>"",M11,0),IF(N11<>"",N11,0),IF(O11<>"",O11,0),IF(P11<>"",P11,0),IF(Q11<>"",Q11,0)) -> 45268.735 | AP11: =IF(AND(DATEDIF(AQ11,$B$1,"d")<=14,DATEDIF(N11,$B$1,"d")>14),"未支付","") | AQ11: 45043.974
A12: =ROW()-3 -> 9 | B12: =IF(V12=0,"无交易",IF(AND(Y12<=-0.2,Z12<=-0.2,AA12<=-0.2),"连续三月交易下滑",IF(AND(Y12>=0.2,Z12>=0.2,AA12>=0.2),"连续三月交易上升",IF(AND(Y12<0.2,Y12>-0.2,Z12<0.2,Z12>-0.2,AA12<0.2,AA12>-0.2),"交易平稳",IF(OR(ABS(Y12-Z12)>=0.2,ABS(Z12-AA12)>=0.2),"交易波动较大","-"))))) -> 连续三月交易上升 | C12: =IF(AA12<=-0.5,"本月交易额降超50%",IF(AA12<=-0.2,"本月交易额降超20%","")) | D12: =IF(DATEDIF(AO12,$B$1,"d")>30,"流失",IF(AND(DATEDIF(AO12,$B$1,"d")>7,DATEDIF(AO12,$B$1,"d")<=30),"可能流失",IF(AND(DATEDIF(AO12,$B$1,"d")<=7,DATEDIF(AO12,$B$1,"d")>3),"即将流失","-"))) -> - | E12: 1595041171678490625 | F12: 45043.974 | G12: 正式版 | H12: 中医诊所 | I12: 四川省成都市 | J12: 新津县 | K12: 成都市新津求实中医诊所有限公司 | M12: 46104.356 | N12: 46104.392 | O12: 46104.4 | P12: 46099.467 | Q12: 46104.392 | R12: 46493.82 | S12: 181495.73 | T12: 504568.96 | U12: 450884.83 | V12: 294 | W12: 1246 | X12: 3468 | Y12: 3132 | Z12: 322.06059 | AA12: 0.36022722 | AB12: -0.29641165 | AC12: 0.047801977 | AD12: =IF(AND($G12="正式版",$H12="中西医诊所"),IFERROR(R12/同类汇总数据!C$3,0),IF(AND($G12="正式版",$H12="中医诊所"),IFERROR(R12/同类汇总数据!C$4,0),IF(AND($G12="正式版",$H12="口腔诊所"),IFERROR(R12/同类汇总数据!C$5,0),IF(AND($G12="检查版",$H12="中西医诊所"),IFERROR(R12/同类汇总数据!C$6,0),IF(AND($G12="检查版",$H12="中医诊所"),IFERROR(R12/同类汇总数据!C$7,0),IF(AND($G12="检查版",$H12="口腔诊所"),IFERROR(R12/同类汇总数据!C$8,0),IF(AND($G12="互联网版",$H12="中西医诊所"),IFERROR(R12/同类汇总数据!C$9,0),IF(AND($G12="互联网版",$H12="中医诊所"),IFERROR(R12/同类汇总数据!C$10,0),IF(AND($G12="互联网版",$H12="口腔诊所"),IFERROR(R12/同类汇总数据!C$11,0)))))))))) -> 6.6926381 | AE12: =IF(AND($G12="正式版",$H12="中西医诊所"),IFERROR(S12/同类汇总数据!D$3,0),IF(AND($G12="正式版",$H12="中医诊所"),IFERROR(S12/同类汇总数据!D$4,0),IF(AND($G12="正式版",$H12="口腔诊所"),IFERROR(S12/同类汇总数据!D$5,0),IF(AND($G12="检查版",$H12="中西医诊所"),IFERROR(S12/同类汇总数据!D$6,0),IF(AND($G12="检查版",$H12="中医诊所"),IFERROR(S12/同类汇总数据!D$7,0),IF(AND($G12="检查版",$H12="口腔诊所"),IFERROR(S12/同类汇总数据!D$8,0),IF(AND($G12="互联网版",$H12="中西医诊所"),IFERROR(S12/同类汇总数据!D$9,0),IF(AND($G12="互联网版",$H12="中医诊所"),IFERROR(S12/同类汇总数据!D$10,0),IF(AND($G12="互联网版",$H12="口腔诊所"),IFERROR(S12/同类汇总数据!D$11,0)))))))))) -> 6.7334708 | AF12: =IF(AND($G12="正式版",$H12="中西医诊所"),IFERROR(T12/同类汇总数据!E$3,0),IF(AND($G12="正式版",$H12="中医诊所"),IFERROR(T12/同类汇总数据!E$4,0),IF(AND($G12="正式版",$H12="口腔诊所"),IFERROR(T12/同类汇总数据!E$5,0),IF(AND($G12="检查版",$H12="中西医诊所"),IFERROR(T12/同类汇总数据!E$6,0),IF(AND($G12="检查版",$H12="中医诊所"),IFERROR(T12/同类汇总数据!E$7,0),IF(AND($G12="检查版",$H12="口腔诊所"),IFERROR(T12/同类汇总数据!E$8,0),IF(AND($G12="互联网版",$H12="中西医诊所"),IFERROR(T12/同类汇总数据!E$9,0),IF(AND($G12="互联网版",$H12="中医诊所"),IFERROR(T12/同类汇总数据!E$10,0),IF(AND($G12="互联网版",$H12="口腔诊所"),IFERROR(T12/同类汇总数据!E$11,0)))))))))) -> 6.4834048 | AG12: =IF(AND($G12="正式版",$H12="中西医诊所"),IFERROR(U12/同类汇总数据!F$3,0),IF(AND($G12="正式版",$H12="中医诊所"),IFERROR(U12/同类汇总数据!F$4,0),IF(AND($G12="正式版",$H12="口腔诊所"),IFERROR(U12/同类汇总数据!F$5,0),IF(AND($G12="检查版",$H12="中西医诊所"),IFERROR(U12/同类汇总数据!F$6,0),IF(AND($G12="检查版",$H12="中医诊所"),IFERROR(U12/同类汇总数据!F$7,0),IF(AND($G12="检查版",$H12="口腔诊所"),IFERROR(U12/同类汇总数据!F$8,0),IF(AND($G12="互联网版",$H12="中西医诊所"),IFERROR(U12/同类汇总数据!F$9,0),IF(AND($G12="互联网版",$H12="中医诊所"),IFERROR(U12/同类汇总数据!F$10,0),IF(AND($G12="互联网版",$H12="口腔诊所"),IFERROR(U12/同类汇总数据!F$11,0)))))))))) -> 6.7510847 | AH12: =IF(AND($G12="正式版",$H12="中西医诊所"),IFERROR(V12/同类汇总数据!G$3,0),IF(AND($G12="正式版",$H12="中医诊所"),IFERROR(V12/同类汇总数据!G$4,0),IF(AND($G12="正式版",$H12="口腔诊所"),IFERROR(V12/同类汇总数据!G$5,0),IF(AND($G12="检查版",$H12="中西医诊所"),IFERROR(V12/同类汇总数据!G$6,0),IF(AND($G12="检查版",$H12="中医诊所"),IFERROR(V12/同类汇总数据!G$7,0),IF(AND($G12="检查版",$H12="口腔诊所"),IFERROR(V12/同类汇总数据!G$8,0),IF(AND($G12="互联网版",$H12="中西医诊所"),IFERROR(V12/同类汇总数据!G$9,0),IF(AND($G12="互联网版",$H12="中医诊所"),IFERROR(V12/同类汇总数据!G$10,0),IF(AND($G12="互联网版",$H12="口腔诊所"),IFERROR(V12/同类汇总数据!G$11,0)))))))))) -> 6.6412612 | AI12: =IF(AND($G12="正式版",$H12="中西医诊所"),IFERROR(W12/同类汇总数据!H$3,0),IF(AND($G12="正式版",$H12="中医诊所"),IFERROR(W12/同类汇总数据!H$4,0),IF(AND($G12="正式版",$H12="口腔诊所"),IFERROR(W12/同类汇总数据!H$5,0),IF(AND($G12="检查版",$H12="中西医诊所"),IFERROR(W12/同类汇总数据!H$6,0),IF(AND($G12="检查版",$H12="中医诊所"),IFERROR(W12/同类汇总数据!H$7,0),IF(AND($G12="检查版",$H12="口腔诊所"),IFERROR(W12/同类汇总数据!H$8,0),IF(AND($G12="互联网版",$H12="中西医诊所"),IFERROR(W12/同类汇总数据!H$9,0),IF(AND($G12="互联网版",$H12="中医诊所"),IFERROR(W12/同类汇总数据!H$10,0),IF(AND($G12="互联网版",$H12="口腔诊所"),IFERROR(W12/同类汇总数据!H$11,0)))))))))) -> 7.0810462 | AJ12: =IF(AND($G12="正式版",$H12="中西医诊所"),IFERROR(X12/同类汇总数据!I$3,0),IF(AND($G12="正式版",$H12="中医诊所"),IFERROR(X12/同类汇总数据!I$4,0),IF(AND($G12="正式版",$H12="口腔诊所"),IFERROR(X12/同类汇总数据!I$5,0),IF(AND($G12="检查版",$H12="中西医诊所"),IFERROR(X12/同类汇总数据!I$6,0),IF(AND($G12="检查版",$H12="中医诊所"),IFERROR(X12/同类汇总数据!I$7,0),IF(AND($G12="检查版",$H12="口腔诊所"),IFERROR(X12/同类汇总数据!I$8,0),IF(AND($G12="互联网版",$H12="中西医诊所"),IFERROR(X12/同类汇总数据!I$9,0),IF(AND($G12="互联网版",$H12="中医诊所"),IFERROR(X12/同类汇总数据!I$10,0),IF(AND($G12="互联网版",$H12="口腔诊所"),IFERROR(X12/同类汇总数据!I$11,0)))))))))) -> 6.7171421 | AK12: =IF(AND($G12="正式版",$H12="中西医诊所"),IFERROR(Y12/同类汇总数据!J$3,0),IF(AND($G12="正式版",$H12="中医诊所"),IFERROR(Y12/同类汇总数据!J$4,0),IF(AND($G12="正式版",$H12="口腔诊所"),IFERROR(Y12/同类汇总数据!J$5,0),IF(AND($G12="检查版",$H12="中西医诊所"),IFERROR(Y12/同类汇总数据!J$6,0),IF(AND($G12="检查版",$H12="中医诊所"),IFERROR(Y12/同类汇总数据!J$7,0),IF(AND($G12="检查版",$H12="口腔诊所"),IFERROR(Y12/同类汇总数据!J$8,0),IF(AND($G12="互联网版",$H12="中西医诊所"),IFERROR(Y12/同类汇总数据!J$9,0),IF(AND($G12="互联网版",$H12="中医诊所"),IFERROR(Y12/同类汇总数据!J$10,0),IF(AND($G12="互联网版",$H12="口腔诊所"),IFERROR(Y12/同类汇总数据!J$11,0)))))))))) -> 6.8720198 | AL12: =IF(YEAR(AO12)<YEAR(TODAY()),"今年内未操作",IF(DATEDIF(AO12,$B$1,"d")>90,"最近三月未操作",IF(DATEDIF(AO12,$B$1,"d")>30,"最近一月未操作",IF(DATEDIF(AO12,$B$1,"d")>7,"最近一周未操作","-")))) -> - | AM12: =IF(AE12<0.2,"低于同行20%",IF(AE12<0.5,"低于同行50%",IF(AE12>=2,"高于同行100%",IF(AE12>=1.5,"高于同行150%",IF(AE12>=1.2,"高于同行20%",""))))) -> 高于同行100% | AN12: =IF(AI12<0.2,"低于同行20%",IF(AI12<0.5,"低于同行50%",IF(AI12>=2,"高于同行100%",IF(AI12>=1.5,"高于同行150%",IF(AI12>=1.2,"高于同行20%",""))))) -> 高于同行100% | AO12: =MAX(IF(M12<>"",M12,0),IF(N12<>"",N12,0),IF(O12<>"",O12,0),IF(P12<>"",P12,0),IF(Q12<>"",Q12,0)) -> 46104.4 | AP12: =IF(AND(DATEDIF(AQ12,$B$1,"d")<=14,DATEDIF(N12,$B$1,"d")>14),"未支付","") | AQ12: 45043.974
A13: =ROW()-3 -> 10 | B13: =IF(V13=0,"无交易",IF(AND(Y13<=-0.2,Z13<=-0.2,AA13<=-0.2),"连续三月交易下滑",IF(AND(Y13>=0.2,Z13>=0.2,AA13>=0.2),"连续三月交易上升",IF(AND(Y13<0.2,Y13>-0.2,Z13<0.2,Z13>-0.2,AA13<0.2,AA13>-0.2),"交易平稳",IF(OR(ABS(Y13-Z13)>=0.2,ABS(Z13-AA13)>=0.2),"交易波动较大","-"))))) -> 连续三月交易上升 | C13: =IF(AA13<=-0.5,"本月交易额降超50%",IF(AA13<=-0.2,"本月交易额降超20%","")) | D13: =IF(DATEDIF(AO13,$B$1,"d")>30,"流失",IF(AND(DATEDIF(AO13,$B$1,"d")>7,DATEDIF(AO13,$B$1,"d")<=30),"可能流失",IF(AND(DATEDIF(AO13,$B$1,"d")<=7,DATEDIF(AO13,$B$1,"d")>3),"即将流失","-"))) -> - | E13: 1596128897364439042 | F13: 45043.974 | G13: 正式版 | H13: 口腔诊所 | I13: 四川省甘孜州 | J13: 康定市 | K13: 康定斯迈尔口腔诊所有限责任公司新市前街诊所 | L13: 四川省甘孜州康定市 | M13: 46103.39 | N13: 46103.613 | O13: 46103.613 | P13: 44896.57 | R13: 14800 | S13: 49510 | T13: 140070 | U13: 125460 | V13: 19 | W13: 69 | X13: 198 | Y13: 175 | Z13: 864.54545 | AA13: 0.25628013 | AB13: -0.22952102 | AC13: 0.058129913 | AD13: =IF(AND($G13="正式版",$H13="中西医诊所"),IFERROR(R13/同类汇总数据!C$3,0),IF(AND($G13="正式版",$H13="中医诊所"),IFERROR(R13/同类汇总数据!C$4,0),IF(AND($G13="正式版",$H13="口腔诊所"),IFERROR(R13/同类汇总数据!C$5,0),IF(AND($G13="检查版",$H13="中西医诊所"),IFERROR(R13/同类汇总数据!C$6,0),IF(AND($G13="检查版",$H13="中医诊所"),IFERROR(R13/同类汇总数据!C$7,0),IF(AND($G13="检查版",$H13="口腔诊所"),IFERROR(R13/同类汇总数据!C$8,0),IF(AND($G13="互联网版",$H13="中西医诊所"),IFERROR(R13/同类汇总数据!C$9,0),IF(AND($G13="互联网版",$H13="中医诊所"),IFERROR(R13/同类汇总数据!C$10,0),IF(AND($G13="互联网版",$H13="口腔诊所"),IFERROR(R13/同类汇总数据!C$11,0)))))))))) -> 1.4803636 | AE13: =IF(AND($G13="正式版",$H13="中西医诊所"),IFERROR(S13/同类汇总数据!D$3,0),IF(AND($G13="正式版",$H13="中医诊所"),IFERROR(S13/同类汇总数据!D$4,0),IF(AND($G13="正式版",$H13="口腔诊所"),IFERROR(S13/同类汇总数据!D$5,0),IF(AND($G13="检查版",$H13="中西医诊所"),IFERROR(S13/同类汇总数据!D$6,0),IF(AND($G13="检查版",$H13="中医诊所"),IFERROR(S13/同类汇总数据!D$7,0),IF(AND($G13="检查版",$H13="口腔诊所"),IFERROR(S13/同类汇总数据!D$8,0),IF(AND($G13="互联网版",$H13="中西医诊所"),IFERROR(S13/同类汇总数据!D$9,0),IF(AND($G13="互联网版",$H13="中医诊所"),IFERROR(S13/同类汇总数据!D$10,0),IF(AND($G13="互联网版",$H13="口腔诊所"),IFERROR(S13/同类汇总数据!D$11,0)))))))))) -> 1.1399738 | AF13: =IF(AND($G13="正式版",$H13="中西医诊所"),IFERROR(T13/同类汇总数据!E$3,0),IF(AND($G13="正式版",$H13="中医诊所"),IFERROR(T13/同类汇总数据!E$4,0),IF(AND($G13="正式版",$H13="口腔诊所"),IFERROR(T13/同类汇总数据!E$5,0),IF(AND($G13="检查版",$H13="中西医诊所"),IFERROR(T13/同类汇总数据!E$6,0),IF(AND($G13="检查版",$H13="中医诊所"),IFERROR(T13/同类汇总数据!E$7,0),IF(AND($G13="检查版",$H13="口腔诊所"),IFERROR(T13/同类汇总数据!E$8,0),IF(AND($G13="互联网版",$H13="中西医诊所"),IFERROR(T13/同类汇总数据!E$9,0),IF(AND($G13="互联网版",$H13="中医诊所"),IFERROR(T13/同类汇总数据!E$10,0),IF(AND($G13="互联网版",$H13="口腔诊所"),IFERROR(T13/同类汇总数据!E$11,0)))))))))) -> 1.2634061 | AG13: =IF(AND($G13="正式版",$H13="中西医诊所"),IFERROR(U13/同类汇总数据!F$3,0),IF(AND($G13="正式版",$H13="中医诊所"),IFERROR(U13/同类汇总数据!F$4,0),IF(AND($G13="正式版",$H13="口腔诊所"),IFERROR(U13/同类汇总数据!F$5,0),IF(AND($G13="检查版",$H13="中西医诊所"),IFERROR(U13/同类汇总数据!F$6,0),IF(AND($G13="检查版",$H13="中医诊所"),IFERROR(U13/同类汇总数据!F$7,0),IF(AND($G13="检查版",$H13="口腔诊所"),IFERROR(U13/同类汇总数据!F$8,0),IF(AND($G13="互联网版",$H13="中西医诊所"),IFERROR(U13/同类汇总数据!F$9,0),IF(AND($G13="互联网版",$H13="中医诊所"),IFERROR(U13/同类汇总数据!F$10,0),IF(AND($G13="互联网版",$H13="口腔诊所"),IFERROR(U13/同类汇总数据!F$11,0)))))))))) -> 1.255881 | AH13: =IF(AND($G13="正式版",$H13="中西医诊所"),IFERROR(V13/同类汇总数据!G$3,0),IF(AND($G13="正式版",$H13="中医诊所"),IFERROR(V13/同类汇总数据!G$4,0),IF(AND($G13="正式版",$H13="口腔诊所"),IFERROR(V13/同类汇总数据!G$5,0),IF(AND($G13="检查版",$H13="中西医诊所"),IFERROR(V13/同类汇总数据!G$6,0),IF(AND($G13="检查版",$H13="中医诊所"),IFERROR(V13/同类汇总数据!G$7,0),IF(AND($G13="检查版",$H13="口腔诊所"),IFERROR(V13/同类汇总数据!G$8,0),IF(AND($G13="互联网版",$H13="中西医诊所"),IFERROR(V13/同类汇总数据!G$9,0),IF(AND($G13="互联网版",$H13="中医诊所"),IFERROR(V13/同类汇总数据!G$10,0),IF(AND($G13="互联网版",$H13="口腔诊所"),IFERROR(V13/同类汇总数据!G$11,0)))))))))) -> 1.4119675 | AI13: =IF(AND($G13="正式版",$H13="中西医诊所"),IFERROR(W13/同类汇总数据!H$3,0),IF(AND($G13="正式版",$H13="中医诊所"),IFERROR(W13/同类汇总数据!H$4,0),IF(AND($G13="正式版",$H13="口腔诊所"),IFERROR(W13/同类汇总数据!H$5,0),IF(AND($G13="检查版",$H13="中西医诊所"),IFERROR(W13/同类汇总数据!H$6,0),IF(AND($G13="检查版",$H13="中医诊所"),IFERROR(W13/同类汇总数据!H$7,0),IF(AND($G13="检查版",$H13="口腔诊所"),IFERROR(W13/同类汇总数据!H$8,0),IF(AND($G13="互联网版",$H13="中西医诊所"),IFERROR(W13/同类汇总数据!H$9,0),IF(AND($G13="互联网版",$H13="中医诊所"),IFERROR(W13/同类汇总数据!H$10,0),IF(AND($G13="互联网版",$H13="口腔诊所"),IFERROR(W13/同类汇总数据!H$11,0)))))))))) -> 1.2150818 | AJ13: =IF(AND($G13="正式版",$H13="中西医诊所"),IFERROR(X13/同类汇总数据!I$3,0),IF(AND($G13="正式版",$H13="中医诊所"),IFERROR(X13/同类汇总数据!I$4,0),IF(AND($G13="正式版",$H13="口腔诊所"),IFERROR(X13/同类汇总数据!I$5,0),IF(AND($G13="检查版",$H13="中西医诊所"),IFERROR(X13/同类汇总数据!I$6,0),IF(AND($G13="检查版",$H13="中医诊所"),IFERROR(X13/同类汇总数据!I$7,0),IF(AND($G13="检查版",$H13="口腔诊所"),IFERROR(X13/同类汇总数据!I$8,0),IF(AND($G13="互联网版",$H13="中西医诊所"),IFERROR(X13/同类汇总数据!I$9,0),IF(AND($G13="互联网版",$H13="中医诊所"),IFERROR(X13/同类汇总数据!I$10,0),IF(AND($G13="互联网版",$H13="口腔诊所"),IFERROR(X13/同类汇总数据!I$11,0)))))))))) -> 1.3419953 | AK13: =IF(AND($G13="正式版",$H13="中西医诊所"),IFERROR(Y13/同类汇总数据!J$3,0),IF(AND($G13="正式版",$H13="中医诊所"),IFERROR(Y13/同类汇总数据!J$4,0),IF(AND($G13="正式版",$H13="口腔诊所"),IFERROR(Y13/同类汇总数据!J$5,0),IF(AND($G13="检查版",$H13="中西医诊所"),IFERROR(Y13/同类汇总数据!J$6,0),IF(AND($G13="检查版",$H13="中医诊所"),IFERROR(Y13/同类汇总数据!J$7,0),IF(AND($G13="检查版",$H13="口腔诊所"),IFERROR(Y13/同类汇总数据!J$8,0),IF(AND($G13="互联网版",$H13="中西医诊所"),IFERROR(Y13/同类汇总数据!J$9,0),IF(AND($G13="互联网版",$H13="中医诊所"),IFERROR(Y13/同类汇总数据!J$10,0),IF(AND($G13="互联网版",$H13="口腔诊所"),IFERROR(Y13/同类汇总数据!J$11,0)))))))))) -> 1.3177006 | AL13: =IF(YEAR(AO13)<YEAR(TODAY()),"今年内未操作",IF(DATEDIF(AO13,$B$1,"d")>90,"最近三月未操作",IF(DATEDIF(AO13,$B$1,"d")>30,"最近一月未操作",IF(DATEDIF(AO13,$B$1,"d")>7,"最近一周未操作","-")))) -> - | AM13: =IF(AE13<0.2,"低于同行20%",IF(AE13<0.5,"低于同行50%",IF(AE13>=2,"高于同行100%",IF(AE13>=1.5,"高于同行150%",IF(AE13>=1.2,"高于同行20%",""))))) | AN13: =IF(AI13<0.2,"低于同行20%",IF(AI13<0.5,"低于同行50%",IF(AI13>=2,"高于同行100%",IF(AI13>=1.5,"高于同行150%",IF(AI13>=1.2,"高于同行20%",""))))) -> 高于同行20% | AO13: =MAX(IF(M13<>"",M13,0),IF(N13<>"",N13,0),IF(O13<>"",O13,0),IF(P13<>"",P13,0),IF(Q13<>"",Q13,0)) -> 46103.613 | AP13: =IF(AND(DATEDIF(AQ13,$B$1,"d")<=14,DATEDIF(N13,$B$1,"d")>14),"未支付","") | AQ13: 45043.974
A14: =ROW()-3 -> 11 | B14: =IF(V14=0,"无交易",IF(AND(Y14<=-0.2,Z14<=-0.2,AA14<=-0.2),"连续三月交易下滑",IF(AND(Y14>=0.2,Z14>=0.2,AA14>=0.2),"连续三月交易上升",IF(AND(Y14<0.2,Y14>-0.2,Z14<0.2,Z14>-0.2,AA14<0.2,AA14>-0.2),"交易平稳",IF(OR(ABS(Y14-Z14)>=0.2,ABS(Z14-AA14)>=0.2),"交易波动较大","-"))))) -> 连续三月交易上升 | C14: =IF(AA14<=-0.5,"本月交易额降超50%",IF(AA14<=-0.2,"本月交易额降超20%","")) | D14: =IF(DATEDIF(AO14,$B$1,"d")>30,"流失",IF(AND(DATEDIF(AO14,$B$1,"d")>7,DATEDIF(AO14,$B$1,"d")<=30),"可能流失",IF(AND(DATEDIF(AO14,$B$1,"d")<=7,DATEDIF(AO14,$B$1,"d")>3),"即将流失","-"))) -> - | E14: 1596133049350025218 | F14: 45043.974 | G14: 正式版 | H14: 中西医诊所 | I14: 四川省成都市 | J14: 青白江区 | K14: 成都青白江舒经合盲人医疗按摩所有限公司 | M14: 46104.093 | N14: 46103.95 | O14: 46103.949 | P14: 45965.517 | R14: 6653 | S14: 32440 | T14: 87292 | U14: 76733 | V14: 73 | W14: 366 | X14: 979 | Y14: 873 | Z14: 149.28599 | AA14: 0.35630069 | AB14: -0.22680546 | AC14: 0.0065402011 | AD14: =IF(AND($G14="正式版",$H14="中西医诊所"),IFERROR(R14/同类汇总数据!C$3,0),IF(AND($G14="正式版",$H14="中医诊所"),IFERROR(R14/同类汇总数据!C$4,0),IF(AND($G14="正式版",$H14="口腔诊所"),IFERROR(R14/同类汇总数据!C$5,0),IF(AND($G14="检查版",$H14="中西医诊所"),IFERROR(R14/同类汇总数据!C$6,0),IF(AND($G14="检查版",$H14="中医诊所"),IFERROR(R14/同类汇总数据!C$7,0),IF(AND($G14="检查版",$H14="口腔诊所"),IFERROR(R14/同类汇总数据!C$8,0),IF(AND($G14="互联网版",$H14="中西医诊所"),IFERROR(R14/同类汇总数据!C$9,0),IF(AND($G14="互联网版",$H14="中医诊所"),IFERROR(R14/同类汇总数据!C$10,0),IF(AND($G14="互联网版",$H14="口腔诊所"),IFERROR(R14/同类汇总数据!C$11,0)))))))))) -> 0.72696463 | AE14: =IF(AND($G14="正式版",$H14="中西医诊所"),IFERROR(S14/同类汇总数据!D$3,0),IF(AND($G14="正式版",$H14="中医诊所"),IFERROR(S14/同类汇总数据!D$4,0),IF(AND($G14="正式版",$H14="口腔诊所"),IFERROR(S14/同类汇总数据!D$5,0),IF(AND($G14="检查版",$H14="中西医诊所"),IFERROR(S14/同类汇总数据!D$6,0),IF(AND($G14="检查版",$H14="中医诊所"),IFERROR(S14/同类汇总数据!D$7,0),IF(AND($G14="检查版",$H14="口腔诊所"),IFERROR(S14/同类汇总数据!D$8,0),IF(AND($G14="互联网版",$H14="中西医诊所"),IFERROR(S14/同类汇总数据!D$9,0),IF(AND($G14="互联网版",$H14="中医诊所"),IFERROR(S14/同类汇总数据!D$10,0),IF(AND($G14="互联网版",$H14="口腔诊所"),IFERROR(S14/同类汇总数据!D$11,0)))))))))) -> 0.88916409 | AF14: =IF(AND($G14="正式版",$H14="中西医诊所"),IFERROR(T14/同类汇总数据!E$3,0),IF(AND($G14="正式版",$H14="中医诊所"),IFERROR(T14/同类汇总数据!E$4,0),IF(AND($G14="正式版",$H14="口腔诊所"),IFERROR(T14/同类汇总数据!E$5,0),IF(AND($G14="检查版",$H14="中西医诊所"),IFERROR(T14/同类汇总数据!E$6,0),IF(AND($G14="检查版",$H14="中医诊所"),IFERROR(T14/同类汇总数据!E$7,0),IF(AND($G14="检查版",$H14="口腔诊所"),IFERROR(T14/同类汇总数据!E$8,0),IF(AND($G14="互联网版",$H14="中西医诊所"),IFERROR(T14/同类汇总数据!E$9,0),IF(AND($G14="互联网版",$H14="中医诊所"),IFERROR(T14/同类汇总数据!E$10,0),IF(AND($G14="互联网版",$H14="口腔诊所"),IFERROR(T14/同类汇总数据!E$11,0)))))))))) -> 0.79999116 | AG14: =IF(AND($G14="正式版",$H14="中西医诊所"),IFERROR(U14/同类汇总数据!F$3,0),IF(AND($G14="正式版",$H14="中医诊所"),IFERROR(U14/同类汇总数据!F$4,0),IF(AND($G14="正式版",$H14="口腔诊所"),IFERROR(U14/同类汇总数据!F$5,0),IF(AND($G14="检查版",$H14="中西医诊所"),IFERROR(U14/同类汇总数据!F$6,0),IF(AND($G14="检查版",$H14="中医诊所"),IFERROR(U14/同类汇总数据!F$7,0),IF(AND($G14="检查版",$H14="口腔诊所"),IFERROR(U14/同类汇总数据!F$8,0),IF(AND($G14="互联网版",$H14="中西医诊所"),IFERROR(U14/同类汇总数据!F$9,0),IF(AND($G14="互联网版",$H14="中医诊所"),IFERROR(U14/同类汇总数据!F$10,0),IF(AND($G14="互联网版",$H14="口腔诊所"),IFERROR(U14/同类汇总数据!F$11,0)))))))))) -> 0.7999422 | AH14: =IF(AND($G14="正式版",$H14="中西医诊所"),IFERROR(V14/同类汇总数据!G$3,0),IF(AND($G14="正式版",$H14="中医诊所"),IFERROR(V14/同类汇总数据!G$4,0),IF(AND($G14="正式版",$H14="口腔诊所"),IFERROR(V14/同类汇总数据!G$5,0),IF(AND($G14="检查版",$H14="中西医诊所"),IFERROR(V14/同类汇总数据!G$6,0),IF(AND($G14="检查版",$H14="中医诊所"),IFERROR(V14/同类汇总数据!G$7,0),IF(AND($G14="检查版",$H14="口腔诊所"),IFERROR(V14/同类汇总数据!G$8,0),IF(AND($G14="互联网版",$H14="中西医诊所"),IFERROR(V14/同类汇总数据!G$9,0),IF(AND($G14="互联网版",$H14="中医诊所"),IFERROR(V14/同类汇总数据!G$10,0),IF(AND($G14="互联网版",$H14="口腔诊所"),IFERROR(V14/同类汇总数据!G$11,0)))))))))) -> 0.77003326 | AI14: =IF(AND($G14="正式版",$H14="中西医诊所"),IFERROR(W14/同类汇总数据!H$3,0),IF(AND($G14="正式版",$H14="中医诊所"),IFERROR(W14/同类汇总数据!H$4,0),IF(AND($G14="正式版",$H14="口腔诊所"),IFERROR(W14/同类汇总数据!H$5,0),IF(AND($G14="检查版",$H14="中西医诊所"),IFERROR(W14/同类汇总数据!H$6,0),IF(AND($G14="检查版",$H14="中医诊所"),IFERROR(W14/同类汇总数据!H$7,0),IF(AND($G14="检查版",$H14="口腔诊所"),IFERROR(W14/同类汇总数据!H$8,0),IF(AND($G14="互联网版",$H14="中西医诊所"),IFERROR(W14/同类汇总数据!H$9,0),IF(AND($G14="互联网版",$H14="中医诊所"),IFERROR(W14/同类汇总数据!H$10,0),IF(AND($G14="互联网版",$H14="口腔诊所"),IFERROR(W14/同类汇总数据!H$11,0)))))))))) -> 1.0010109 | AJ14: =IF(AND($G14="正式版",$H14="中西医诊所"),IFERROR(X14/同类汇总数据!I$3,0),IF(AND($G14="正式版",$H14="中医诊所"),IFERROR(X14/同类汇总数据!I$4,0),IF(AND($G14="正式版",$H14="口腔诊所"),IFERROR(X14/同类汇总数据!I$5,0),IF(AND($G14="检查版",$H14="中西医诊所"),IFERROR(X14/同类汇总数据!I$6,0),IF(AND($G14="检查版",$H14="中医诊所"),IFERROR(X14/同类汇总数据!I$7,0),IF(AND($G14="检查版",$H14="口腔诊所"),IFERROR(X14/同类汇总数据!I$8,0),IF(AND($G14="互联网版",$H14="中西医诊所"),IFERROR(X14/同类汇总数据!I$9,0),IF(AND($G14="互联网版",$H14="中医诊所"),IFERROR(X14/同类汇总数据!I$10,0),IF(AND($G14="互联网版",$H14="口腔诊所"),IFERROR(X14/同类汇总数据!I$11,0)))))))))) -> 0.86567462 | AK14: =IF(AND($G14="正式版",$H14="中西医诊所"),IFERROR(Y14/同类汇总数据!J$3,0),IF(AND($G14="正式版",$H14="中医诊所"),IFERROR(Y14/同类汇总数据!J$4,0),IF(AND($G14="正式版",$H14="口腔诊所"),IFERROR(Y14/同类汇总数据!J$5,0),IF(AND($G14="检查版",$H14="中西医诊所"),IFERROR(Y14/同类汇总数据!J$6,0),IF(AND($G14="检查版",$H14="中医诊所"),IFERROR(Y14/同类汇总数据!J$7,0),IF(AND($G14="检查版",$H14="口腔诊所"),IFERROR(Y14/同类汇总数据!J$8,0),IF(AND($G14="互联网版",$H14="中西医诊所"),IFERROR(Y14/同类汇总数据!J$9,0),IF(AND($G14="互联网版",$H14="中医诊所"),IFERROR(Y14/同类汇总数据!J$10,0),IF(AND($G14="互联网版",$H14="口腔诊所"),IFERROR(Y14/同类汇总数据!J$11,0)))))))))) -> 0.8723175 | AL14: =IF(YEAR(AO14)<YEAR(TODAY()),"今年内未操作",IF(DATEDIF(AO14,$B$1,"d")>90,"最近三月未操作",IF(DATEDIF(AO14,$B$1,"d")>30,"最近一月未操作",IF(DATEDIF(AO14,$B$1,"d")>7,"最近一周未操作","-")))) -> - | AM14: =IF(AE14<0.2,"低于同行20%",IF(AE14<0.5,"低于同行50%",IF(AE14>=2,"高于同行100%",IF(AE14>=1.5,"高于同行150%",IF(AE14>=1.2,"高于同行20%",""))))) | AN14: =IF(AI14<0.2,"低于同行20%",IF(AI14<0.5,"低于同行50%",IF(AI14>=2,"高于同行100%",IF(AI14>=1.5,"高于同行150%",IF(AI14>=1.2,"高于同行20%",""))))) | AO14: =MAX(IF(M14<>"",M14,0),IF(N14<>"",N14,0),IF(O14<>"",O14,0),IF(P14<>"",P14,0),IF(Q14<>"",Q14,0)) -> 46104.093 | AP14: =IF(AND(DATEDIF(AQ14,$B$1,"d")<=14,DATEDIF(N14,$B$1,"d")>14),"未支付","") | AQ14: 45043.974
A15: =ROW()-3 -> 12 | B15: =IF(V15=0,"无交易",IF(AND(Y15<=-0.2,Z15<=-0.2,AA15<=-0.2),"连续三月交易下滑",IF(AND(Y15>=0.2,Z15>=0.2,AA15>=0.2),"连续三月交易上升",IF(AND(Y15<0.2,Y15>-0.2,Z15<0.2,Z15>-0.2,AA15<0.2,AA15>-0.2),"交易平稳",IF(OR(ABS(Y15-Z15)>=0.2,ABS(Z15-AA15)>=0.2),"交易波动较大","-"))))) -> 交易波动较大 | C15: =IF(AA15<=-0.5,"本月交易额降超50%",IF(AA15<=-0.2,"本月交易额降超20%","")) | D15: =IF(DATEDIF(AO15,$B$1,"d")>30,"流失",IF(AND(DATEDIF(AO15,$B$1,"d")>7,DATEDIF(AO15,$B$1,"d")<=30),"可能流失",IF(AND(DATEDIF(AO15,$B$1,"d")<=7,DATEDIF(AO15,$B$1,"d")>3),"即将流失","-"))) -> - | E15: 1599598596915990529 | F15: 45043.974 | G15: 正式版 | H15: 中西医诊所 | I15: 四川省成都市 | J15: 天府新区 | K15: 成都天府新区万安治康诊所 | L15: 四川省成都市天府新区 | M15: 46103.333 | N15: 46103.73 | O15: 45702.698 | P15: 46102.467 | Q15: 46103.73 | R15: 5331.94 | S15: 35264.54 | T15: 107944.04 | U15: 95269.54 | V15: 72 | W15: 304 | X15: 877 | Y15: 779 | Z15: 206.90648 | AA15: 0.19399154 | AB15: -0.31543997 | AC15: -0.30158663 | AD15: =IF(AND($G15="正式版",$H15="中西医诊所"),IFERROR(R15/同类汇总数据!C$3,0),IF(AND($G15="正式版",$H15="中医诊所"),IFERROR(R15/同类汇总数据!C$4,0),IF(AND($G15="正式版",$H15="口腔诊所"),IFERROR(R15/同类汇总数据!C$5,0),IF(AND($G15="检查版",$H15="中西医诊所"),IFERROR(R15/同类汇总数据!C$6,0),IF(AND($G15="检查版",$H15="中医诊所"),IFERROR(R15/同类汇总数据!C$7,0),IF(AND($G15="检查版",$H15="口腔诊所"),IFERROR(R15/同类汇总数据!C$8,0),IF(AND($G15="互联网版",$H15="中西医诊所"),IFERROR(R15/同类汇总数据!C$9,0),IF(AND($G15="互联网版",$H15="中医诊所"),IFERROR(R15/同类汇总数据!C$10,0),IF(AND($G15="互联网版",$H15="口腔诊所"),IFERROR(R15/同类汇总数据!C$11,0)))))))))) -> 0.58261413 | AE15: =IF(AND($G15="正式版",$H15="中西医诊所"),IFERROR(S15/同类汇总数据!D$3,0),IF(AND($G15="正式版",$H15="中医诊所"),IFERROR(S15/同类汇总数据!D$4,0),IF(AND($G15="正式版",$H15="口腔诊所"),IFERROR(S15/同类汇总数据!D$5,0),IF(AND($G15="检查版",$H15="中西医诊所"),IFERROR(S15/同类汇总数据!D$6,0),IF(AND($G15="检查版",$H15="中医诊所"),IFERROR(S15/同类汇总数据!D$7,0),IF(AND($G15="检查版",$H15="口腔诊所"),IFERROR(S15/同类汇总数据!D$8,0),IF(AND($G15="互联网版",$H15="中西医诊所"),IFERROR(S15/同类汇总数据!D$9,0),IF(AND($G15="互联网版",$H15="中医诊所"),IFERROR(S15/同类汇总数据!D$10,0),IF(AND($G15="互联网版",$H15="口腔诊所"),IFERROR(S15/同类汇总数据!D$11,0)))))))))) -> 0.96658331 | AF15: =IF(AND($G15="正式版",$H15="中西医诊所"),IFERROR(T15/同类汇总数据!E$3,0),IF(AND($G15="正式版",$H15="中医诊所"),IFERROR(T15/同类汇总数据!E$4,0),IF(AND($G15="正式版",$H15="口腔诊所"),IFERROR(T15/同类汇总数据!E$5,0),IF(AND($G15="检查版",$H15="中西医诊所"),IFERROR(T15/同类汇总数据!E$6,0),IF(AND($G15="检查版",$H15="中医诊所"),IFERROR(T15/同类汇总数据!E$7,0),IF(AND($G15="检查版",$H15="口腔诊所"),IFERROR(T15/同类汇总数据!E$8,0),IF(AND($G15="互联网版",$H15="中西医诊所"),IFERROR(T15/同类汇总数据!E$9,0),IF(AND($G15="互联网版",$H15="中医诊所"),IFERROR(T15/同类汇总数据!E$10,0),IF(AND($G15="互联网版",$H15="口腔诊所"),IFERROR(T15/同类汇总数据!E$11,0)))))))))) -> 0.98925764 | AG15: =IF(AND($G15="正式版",$H15="中西医诊所"),IFERROR(U15/同类汇总数据!F$3,0),IF(AND($G15="正式版",$H15="中医诊所"),IFERROR(U15/同类汇总数据!F$4,0),IF(AND($G15="正式版",$H15="口腔诊所"),IFERROR(U15/同类汇总数据!F$5,0),IF(AND($G15="检查版",$H15="中西医诊所"),IFERROR(U15/同类汇总数据!F$6,0),IF(AND($G15="检查版",$H15="中医诊所"),IFERROR(U15/同类汇总数据!F$7,0),IF(AND($G15="检查版",$H15="口腔诊所"),IFERROR(U15/同类汇总数据!F$8,0),IF(AND($G15="互联网版",$H15="中西医诊所"),IFERROR(U15/同类汇总数据!F$9,0),IF(AND($G15="互联网版",$H15="中医诊所"),IFERROR(U15/同类汇总数据!F$10,0),IF(AND($G15="互联网版",$H15="口腔诊所"),IFERROR(U15/同类汇总数据!F$11,0)))))))))) -> 0.9931858 | AH15: =IF(AND($G15="正式版",$H15="中西医诊所"),IFERROR(V15/同类汇总数据!G$3,0),IF(AND($G15="正式版",$H15="中医诊所"),IFERROR(V15/同类汇总数据!G$4,0),IF(AND($G15="正式版",$H15="口腔诊所"),IFERROR(V15/同类汇总数据!G$5,0),IF(AND($G15="检查版",$H15="中西医诊所"),IFERROR(V15/同类汇总数据!G$6,0),IF(AND($G15="检查版",$H15="中医诊所"),IFERROR(V15/同类汇总数据!G$7,0),IF(AND($G15="检查版",$H15="口腔诊所"),IFERROR(V15/同类汇总数据!G$8,0),IF(AND($G15="互联网版",$H15="中西医诊所"),IFERROR(V15/同类汇总数据!G$9,0),IF(AND($G15="互联网版",$H15="中医诊所"),IFERROR(V15/同类汇总数据!G$10,0),IF(AND($G15="互联网版",$H15="口腔诊所"),IFERROR(V15/同类汇总数据!G$11,0)))))))))) -> 0.75948486 | AI15: =IF(AND($G15="正式版",$H15="中西医诊所"),IFERROR(W15/同类汇总数据!H$3,0),IF(AND($G15="正式版",$H15="中医诊所"),IFERROR(W15/同类汇总数据!H$4,0),IF(AND($G15="正式版",$H15="口腔诊所"),IFERROR(W15/同类汇总数据!H$5,0),IF(AND($G15="检查版",$H15="中西医诊所"),IFERROR(W15/同类汇总数据!H$6,0),IF(AND($G15="检查版",$H15="中医诊所"),IFERROR(W15/同类汇总数据!H$7,0),IF(AND($G15="检查版",$H15="口腔诊所"),IFERROR(W15/同类汇总数据!H$8,0),IF(AND($G15="互联网版",$H15="中西医诊所"),IFERROR(W15/同类汇总数据!H$9,0),IF(AND($G15="互联网版",$H15="中医诊所"),IFERROR(W15/同类汇总数据!H$10,0),IF(AND($G15="互联网版",$H15="口腔诊所"),IFERROR(W15/同类汇总数据!H$11,0)))))))))) -> 0.83144071 | AJ15: =IF(AND($G15="正式版",$H15="中西医诊所"),IFERROR(X15/同类汇总数据!I$3,0),IF(AND($G15="正式版",$H15="中医诊所"),IFERROR(X15/同类汇总数据!I$4,0),IF(AND($G15="正式版",$H15="口腔诊所"),IFERROR(X15/同类汇总数据!I$5,0),IF(AND($G15="检查版",$H15="中西医诊所"),IFERROR(X15/同类汇总数据!I$6,0),IF(AND($G15="检查版",$H15="中医诊所"),IFERROR(X15/同类汇总数据!I$7,0),IF(AND($G15="检查版",$H15="口腔诊所"),IFERROR(X15/同类汇总数据!I$8,0),IF(AND($G15="互联网版",$H15="中西医诊所"),IFERROR(X15/同类汇总数据!I$9,0),IF(AND($G15="互联网版",$H15="中医诊所"),IFERROR(X15/同类汇总数据!I$10,0),IF(AND($G15="互联网版",$H15="口腔诊所"),IFERROR(X15/同类汇总数据!I$11,0)))))))))) -> 0.77548176 | AK15: =IF(AND($G15="正式版",$H15="中西医诊所"),IFERROR(Y15/同类汇总数据!J$3,0),IF(AND($G15="正式版",$H15="中医诊所"),IFERROR(Y15/同类汇总数据!J$4,0),IF(AND($G15="正式版",$H15="口腔诊所"),IFERROR(Y15/同类汇总数据!J$5,0),IF(AND($G15="检查版",$H15="中西医诊所"),IFERROR(Y15/同类汇总数据!J$6,0),IF(AND($G15="检查版",$H15="中医诊所"),IFERROR(Y15/同类汇总数据!J$7,0),IF(AND($G15="检查版",$H15="口腔诊所"),IFERROR(Y15/同类汇总数据!J$8,0),IF(AND($G15="互联网版",$H15="中西医诊所"),IFERROR(Y15/同类汇总数据!J$9,0),IF(AND($G15="互联网版",$H15="中医诊所"),IFERROR(Y15/同类汇总数据!J$10,0),IF(AND($G15="互联网版",$H15="口腔诊所"),IFERROR(Y15/同类汇总数据!J$11,0)))))))))) -> 0.77839099 | AL15: =IF(YEAR(AO15)<YEAR(TODAY()),"今年内未操作",IF(DATEDIF(AO15,$B$1,"d")>90,"最近三月未操作",IF(DATEDIF(AO15,$B$1,"d")>30,"最近一月未操作",IF(DATEDIF(AO15,$B$1,"d")>7,"最近一周未操作","-")))) -> - | AM15: =IF(AE15<0.2,"低于同行20%",IF(AE15<0.5,"低于同行50%",IF(AE15>=2,"高于同行100%",IF(AE15>=1.5,"高于同行150%",IF(AE15>=1.2,"高于同行20%",""))))) | AN15: =IF(AI15<0.2,"低于同行20%",IF(AI15<0.5,"低于同行50%",IF(AI15>=2,"高于同行100%",IF(AI15>=1.5,"高于同行150%",IF(AI15>=1.2,"高于同行20%",""))))) | AO15: =MAX(IF(M15<>"",M15,0),IF(N15<>"",N15,0),IF(O15<>"",O15,0),IF(P15<>"",P15,0),IF(Q15<>"",Q15,0)) -> 46103.73 | AP15: =IF(AND(DATEDIF(AQ15,$B$1,"d")<=14,DATEDIF(N15,$B$1,"d")>14),"未支付","") | AQ15: 45043.974
A16: =ROW()-3 -> 13 | B16: =IF(V16=0,"无交易",IF(AND(Y16<=-0.2,Z16<=-0.2,AA16<=-0.2),"连续三月交易下滑",IF(AND(Y16>=0.2,Z16>=0.2,AA16>=0.2),"连续三月交易上升",IF(AND(Y16<0.2,Y16>-0.2,Z16<0.2,Z16>-0.2,AA16<0.2,AA16>-0.2),"交易平稳",IF(OR(ABS(Y16-Z16)>=0.2,ABS(Z16-AA16)>=0.2),"交易波动较大","-"))))) -> 无交易 | C16: =IF(AA16<=-0.5,"本月交易额降超50%",IF(AA16<=-0.2,"本月交易额降超20%","")) | D16: =IF(DATEDIF(AO16,$B$1,"d")>30,"流失",IF(AND(DATEDIF(AO16,$B$1,"d")>7,DATEDIF(AO16,$B$1,"d")<=30),"可能流失",IF(AND(DATEDIF(AO16,$B$1,"d")<=7,DATEDIF(AO16,$B$1,"d")>3),"即将流失","-"))) -> 流失 | E16: 1600739314355187714 | F16: 45043.974 | G16: 检查版 | H16: 中医诊所 | I16: 四川省成都市 | J16: 双流区 | K16: 成都双流和泰御康中医诊所有限公司 | L16: 四川省成都市双流区 | M16: 46061.373 | O16: 45838.736 | P16: 45411.666 | AD16: =IF(AND($G16="正式版",$H16="中西医诊所"),IFERROR(R16/同类汇总数据!C$3,0),IF(AND($G16="正式版",$H16="中医诊所"),IFERROR(R16/同类汇总数据!C$4,0),IF(AND($G16="正式版",$H16="口腔诊所"),IFERROR(R16/同类汇总数据!C$5,0),IF(AND($G16="检查版",$H16="中西医诊所"),IFERROR(R16/同类汇总数据!C$6,0),IF(AND($G16="检查版",$H16="中医诊所"),IFERROR(R16/同类汇总数据!C$7,0),IF(AND($G16="检查版",$H16="口腔诊所"),IFERROR(R16/同类汇总数据!C$8,0),IF(AND($G16="互联网版",$H16="中西医诊所"),IFERROR(R16/同类汇总数据!C$9,0),IF(AND($G16="互联网版",$H16="中医诊所"),IFERROR(R16/同类汇总数据!C$10,0),IF(AND($G16="互联网版",$H16="口腔诊所"),IFERROR(R16/同类汇总数据!C$11,0)))))))))) -> 0 | AE16: =IF(AND($G16="正式版",$H16="中西医诊所"),IFERROR(S16/同类汇总数据!D$3,0),IF(AND($G16="正式版",$H16="中医诊所"),IFERROR(S16/同类汇总数据!D$4,0),IF(AND($G16="正式版",$H16="口腔诊所"),IFERROR(S16/同类汇总数据!D$5,0),IF(AND($G16="检查版",$H16="中西医诊所"),IFERROR(S16/同类汇总数据!D$6,0),IF(AND($G16="检查版",$H16="中医诊所"),IFERROR(S16/同类汇总数据!D$7,0),IF(AND($G16="检查版",$H16="口腔诊所"),IFERROR(S16/同类汇总数据!D$8,0),IF(AND($G16="互联网版",$H16="中西医诊所"),IFERROR(S16/同类汇总数据!D$9,0),IF(AND($G16="互联网版",$H16="中医诊所"),IFERROR(S16/同类汇总数据!D$10,0),IF(AND($G16="互联网版",$H16="口腔诊所"),IFERROR(S16/同类汇总数据!D$11,0)))))))))) -> 0 | AF16: =IF(AND($G16="正式版",$H16="中西医诊所"),IFERROR(T16/同类汇总数据!E$3,0),IF(AND($G16="正式版",$H16="中医诊所"),IFERROR(T16/同类汇总数据!E$4,0),IF(AND($G16="正式版",$H16="口腔诊所"),IFERROR(T16/同类汇总数据!E$5,0),IF(AND($G16="检查版",$H16="中西医诊所"),IFERROR(T16/同类汇总数据!E$6,0),IF(AND($G16="检查版",$H16="中医诊所"),IFERROR(T16/同类汇总数据!E$7,0),IF(AND($G16="检查版",$H16="口腔诊所"),IFERROR(T16/同类汇总数据!E$8,0),IF(AND($G16="互联网版",$H16="中西医诊所"),IFERROR(T16/同类汇总数据!E$9,0),IF(AND($G16="互联网版",$H16="中医诊所"),IFERROR(T16/同类汇总数据!E$10,0),IF(AND($G16="互联网版",$H16="口腔诊所"),IFERROR(T16/同类汇总数据!E$11,0)))))))))) -> 0 | AG16: =IF(AND($G16="正式版",$H16="中西医诊所"),IFERROR(U16/同类汇总数据!F$3,0),IF(AND($G16="正式版",$H16="中医诊所"),IFERROR(U16/同类汇总数据!F$4,0),IF(AND($G16="正式版",$H16="口腔诊所"),IFERROR(U16/同类汇总数据!F$5,0),IF(AND($G16="检查版",$H16="中西医诊所"),IFERROR(U16/同类汇总数据!F$6,0),IF(AND($G16="检查版",$H16="中医诊所"),IFERROR(U16/同类汇总数据!F$7,0),IF(AND($G16="检查版",$H16="口腔诊所"),IFERROR(U16/同类汇总数据!F$8,0),IF(AND($G16="互联网版",$H16="中西医诊所"),IFERROR(U16/同类汇总数据!F$9,0),IF(AND($G16="互联网版",$H16="中医诊所"),IFERROR(U16/同类汇总数据!F$10,0),IF(AND($G16="互联网版",$H16="口腔诊所"),IFERROR(U16/同类汇总数据!F$11,0)))))))))) -> 0 | AH16: =IF(AND($G16="正式版",$H16="中西医诊所"),IFERROR(V16/同类汇总数据!G$3,0),IF(AND($G16="正式版",$H16="中医诊所"),IFERROR(V16/同类汇总数据!G$4,0),IF(AND($G16="正式版",$H16="口腔诊所"),IFERROR(V16/同类汇总数据!G$5,0),IF(AND($G16="检查版",$H16="中西医诊所"),IFERROR(V16/同类汇总数据!G$6,0),IF(AND($G16="检查版",$H16="中医诊所"),IFERROR(V16/同类汇总数据!G$7,0),IF(AND($G16="检查版",$H16="口腔诊所"),IFERROR(V16/同类汇总数据!G$8,0),IF(AND($G16="互联网版",$H16="中西医诊所"),IFERROR(V16/同类汇总数据!G$9,0),IF(AND($G16="互联网版",$H16="中医诊所"),IFERROR(V16/同类汇总数据!G$10,0),IF(AND($G16="互联网版",$H16="口腔诊所"),IFERROR(V16/同类汇总数据!G$11,0)))))))))) -> 0 | AI16: =IF(AND($G16="正式版",$H16="中西医诊所"),IFERROR(W16/同类汇总数据!H$3,0),IF(AND($G16="正式版",$H16="中医诊所"),IFERROR(W16/同类汇总数据!H$4,0),IF(AND($G16="正式版",$H16="口腔诊所"),IFERROR(W16/同类汇总数据!H$5,0),IF(AND($G16="检查版",$H16="中西医诊所"),IFERROR(W16/同类汇总数据!H$6,0),IF(AND($G16="检查版",$H16="中医诊所"),IFERROR(W16/同类汇总数据!H$7,0),IF(AND($G16="检查版",$H16="口腔诊所"),IFERROR(W16/同类汇总数据!H$8,0),IF(AND($G16="互联网版",$H16="中西医诊所"),IFERROR(W16/同类汇总数据!H$9,0),IF(AND($G16="互联网版",$H16="中医诊所"),IFERROR(W16/同类汇总数据!H$10,0),IF(AND($G16="互联网版",$H16="口腔诊所"),IFERROR(W16/同类汇总数据!H$11,0)))))))))) -> 0 | AJ16: =IF(AND($G16="正式版",$H16="中西医诊所"),IFERROR(X16/同类汇总数据!I$3,0),IF(AND($G16="正式版",$H16="中医诊所"),IFERROR(X16/同类汇总数据!I$4,0),IF(AND($G16="正式版",$H16="口腔诊所"),IFERROR(X16/同类汇总数据!I$5,0),IF(AND($G16="检查版",$H16="中西医诊所"),IFERROR(X16/同类汇总数据!I$6,0),IF(AND($G16="检查版",$H16="中医诊所"),IFERROR(X16/同类汇总数据!I$7,0),IF(AND($G16="检查版",$H16="口腔诊所"),IFERROR(X16/同类汇总数据!I$8,0),IF(AND($G16="互联网版",$H16="中西医诊所"),IFERROR(X16/同类汇总数据!I$9,0),IF(AND($G16="互联网版",$H16="中医诊所"),IFERROR(X16/同类汇总数据!I$10,0),IF(AND($G16="互联网版",$H16="口腔诊所"),IFERROR(X16/同类汇总数据!I$11,0)))))))))) -> 0 | AK16: =IF(AND($G16="正式版",$H16="中西医诊所"),IFERROR(Y16/同类汇总数据!J$3,0),IF(AND($G16="正式版",$H16="中医诊所"),IFERROR(Y16/同类汇总数据!J$4,0),IF(AND($G16="正式版",$H16="口腔诊所"),IFERROR(Y16/同类汇总数据!J$5,0),IF(AND($G16="检查版",$H16="中西医诊所"),IFERROR(Y16/同类汇总数据!J$6,0),IF(AND($G16="检查版",$H16="中医诊所"),IFERROR(Y16/同类汇总数据!J$7,0),IF(AND($G16="检查版",$H16="口腔诊所"),IFERROR(Y16/同类汇总数据!J$8,0),IF(AND($G16="互联网版",$H16="中西医诊所"),IFERROR(Y16/同类汇总数据!J$9,0),IF(AND($G16="互联网版",$H16="中医诊所"),IFERROR(Y16/同类汇总数据!J$10,0),IF(AND($G16="互联网版",$H16="口腔诊所"),IFERROR(Y16/同类汇总数据!J$11,0)))))))))) -> 0 | AL16: =IF(YEAR(AO16)<YEAR(TODAY()),"今年内未操作",IF(DATEDIF(AO16,$B$1,"d")>90,"最近三月未操作",IF(DATEDIF(AO16,$B$1,"d")>30,"最近一月未操作",IF(DATEDIF(AO16,$B$1,"d")>7,"最近一周未操作","-")))) -> 最近一月未操作 | AM16: =IF(AE16<0.2,"低于同行20%",IF(AE16<0.5,"低于同行50%",IF(AE16>=2,"高于同行100%",IF(AE16>=1.5,"高于同行150%",IF(AE16>=1.2,"高于同行20%",""))))) -> 低于同行20% | AN16: =IF(AI16<0.2,"低于同行20%",IF(AI16<0.5,"低于同行50%",IF(AI16>=2,"高于同行100%",IF(AI16>=1.5,"高于同行150%",IF(AI16>=1.2,"高于同行20%",""))))) -> 低于同行20% | AO16: =MAX(IF(M16<>"",M16,0),IF(N16<>"",N16,0),IF(O16<>"",O16,0),IF(P16<>"",P16,0),IF(Q16<>"",Q16,0)) -> 46061.373 | AP16: =IF(AND(DATEDIF(AQ16,$B$1,"d")<=14,DATEDIF(N16,$B$1,"d")>14),"未支付","") | AQ16: 45043.974
A17: =ROW()-3 -> 14 | B17: =IF(V17=0,"无交易",IF(AND(Y17<=-0.2,Z17<=-0.2,AA17<=-0.2),"连续三月交易下滑",IF(AND(Y17>=0.2,Z17>=0.2,AA17>=0.2),"连续三月交易上升",IF(AND(Y17<0.2,Y17>-0.2,Z17<0.2,Z17>-0.2,AA17<0.2,AA17>-0.2),"交易平稳",IF(OR(ABS(Y17-Z17)>=0.2,ABS(Z17-AA17)>=0.2),"交易波动较大","-"))))) -> 无交易 | C17: =IF(AA17<=-0.5,"本月交易额降超50%",IF(AA17<=-0.2,"本月交易额降超20%","")) | D17: =IF(DATEDIF(AO17,$B$1,"d")>30,"流失",IF(AND(DATEDIF(AO17,$B$1,"d")>7,DATEDIF(AO17,$B$1,"d")<=30),"可能流失",IF(AND(DATEDIF(AO17,$B$1,"d")<=7,DATEDIF(AO17,$B$1,"d")>3),"即将流失","-"))) -> 流失 | E17: 1601040021281083393 | F17: 45043.974 | G17: 检查版 | H17: 中西医诊所 | I17: 四川省成都市 | J17: 武侯区 | K17: 武侯大家诊所 | L17: 四川省成都市武侯区 | M17: 1 | AD17: =IF(AND($G17="正式版",$H17="中西医诊所"),IFERROR(R17/同类汇总数据!C$3,0),IF(AND($G17="正式版",$H17="中医诊所"),IFERROR(R17/同类汇总数据!C$4,0),IF(AND($G17="正式版",$H17="口腔诊所"),IFERROR(R17/同类汇总数据!C$5,0),IF(AND($G17="检查版",$H17="中西医诊所"),IFERROR(R17/同类汇总数据!C$6,0),IF(AND($G17="检查版",$H17="中医诊所"),IFERROR(R17/同类汇总数据!C$7,0),IF(AND($G17="检查版",$H17="口腔诊所"),IFERROR(R17/同类汇总数据!C$8,0),IF(AND($G17="互联网版",$H17="中西医诊所"),IFERROR(R17/同类汇总数据!C$9,0),IF(AND($G17="互联网版",$H17="中医诊所"),IFERROR(R17/同类汇总数据!C$10,0),IF(AND($G17="互联网版",$H17="口腔诊所"),IFERROR(R17/同类汇总数据!C$11,0)))))))))) -> 0 | AE17: =IF(AND($G17="正式版",$H17="中西医诊所"),IFERROR(S17/同类汇总数据!D$3,0),IF(AND($G17="正式版",$H17="中医诊所"),IFERROR(S17/同类汇总数据!D$4,0),IF(AND($G17="正式版",$H17="口腔诊所"),IFERROR(S17/同类汇总数据!D$5,0),IF(AND($G17="检查版",$H17="中西医诊所"),IFERROR(S17/同类汇总数据!D$6,0),IF(AND($G17="检查版",$H17="中医诊所"),IFERROR(S17/同类汇总数据!D$7,0),IF(AND($G17="检查版",$H17="口腔诊所"),IFERROR(S17/同类汇总数据!D$8,0),IF(AND($G17="互联网版",$H17="中西医诊所"),IFERROR(S17/同类汇总数据!D$9,0),IF(AND($G17="互联网版",$H17="中医诊所"),IFERROR(S17/同类汇总数据!D$10,0),IF(AND($G17="互联网版",$H17="口腔诊所"),IFERROR(S17/同类汇总数据!D$11,0)))))))))) -> 0 | AF17: =IF(AND($G17="正式版",$H17="中西医诊所"),IFERROR(T17/同类汇总数据!E$3,0),IF(AND($G17="正式版",$H17="中医诊所"),IFERROR(T17/同类汇总数据!E$4,0),IF(AND($G17="正式版",$H17="口腔诊所"),IFERROR(T17/同类汇总数据!E$5,0),IF(AND($G17="检查版",$H17="中西医诊所"),IFERROR(T17/同类汇总数据!E$6,0),IF(AND($G17="检查版",$H17="中医诊所"),IFERROR(T17/同类汇总数据!E$7,0),IF(AND($G17="检查版",$H17="口腔诊所"),IFERROR(T17/同类汇总数据!E$8,0),IF(AND($G17="互联网版",$H17="中西医诊所"),IFERROR(T17/同类汇总数据!E$9,0),IF(AND($G17="互联网版",$H17="中医诊所"),IFERROR(T17/同类汇总数据!E$10,0),IF(AND($G17="互联网版",$H17="口腔诊所"),IFERROR(T17/同类汇总数据!E$11,0)))))))))) -> 0 | AG17: =IF(AND($G17="正式版",$H17="中西医诊所"),IFERROR(U17/同类汇总数据!F$3,0),IF(AND($G17="正式版",$H17="中医诊所"),IFERROR(U17/同类汇总数据!F$4,0),IF(AND($G17="正式版",$H17="口腔诊所"),IFERROR(U17/同类汇总数据!F$5,0),IF(AND($G17="检查版",$H17="中西医诊所"),IFERROR(U17/同类汇总数据!F$6,0),IF(AND($G17="检查版",$H17="中医诊所"),IFERROR(U17/同类汇总数据!F$7,0),IF(AND($G17="检查版",$H17="口腔诊所"),IFERROR(U17/同类汇总数据!F$8,0),IF(AND($G17="互联网版",$H17="中西医诊所"),IFERROR(U17/同类汇总数据!F$9,0),IF(AND($G17="互联网版",$H17="中医诊所"),IFERROR(U17/同类汇总数据!F$10,0),IF(AND($G17="互联网版",$H17="口腔诊所"),IFERROR(U17/同类汇总数据!F$11,0)))))))))) -> 0 | AH17: =IF(AND($G17="正式版",$H17="中西医诊所"),IFERROR(V17/同类汇总数据!G$3,0),IF(AND($G17="正式版",$H17="中医诊所"),IFERROR(V17/同类汇总数据!G$4,0),IF(AND($G17="正式版",$H17="口腔诊所"),IFERROR(V17/同类汇总数据!G$5,0),IF(AND($G17="检查版",$H17="中西医诊所"),IFERROR(V17/同类汇总数据!G$6,0),IF(AND($G17="检查版",$H17="中医诊所"),IFERROR(V17/同类汇总数据!G$7,0),IF(AND($G17="检查版",$H17="口腔诊所"),IFERROR(V17/同类汇总数据!G$8,0),IF(AND($G17="互联网版",$H17="中西医诊所"),IFERROR(V17/同类汇总数据!G$9,0),IF(AND($G17="互联网版",$H17="中医诊所"),IFERROR(V17/同类汇总数据!G$10,0),IF(AND($G17="互联网版",$H17="口腔诊所"),IFERROR(V17/同类汇总数据!G$11,0)))))))))) -> 0 | AI17: =IF(AND($G17="正式版",$H17="中西医诊所"),IFERROR(W17/同类汇总数据!H$3,0),IF(AND($G17="正式版",$H17="中医诊所"),IFERROR(W17/同类汇总数据!H$4,0),IF(AND($G17="正式版",$H17="口腔诊所"),IFERROR(W17/同类汇总数据!H$5,0),IF(AND($G17="检查版",$H17="中西医诊所"),IFERROR(W17/同类汇总数据!H$6,0),IF(AND($G17="检查版",$H17="中医诊所"),IFERROR(W17/同类汇总数据!H$7,0),IF(AND($G17="检查版",$H17="口腔诊所"),IFERROR(W17/同类汇总数据!H$8,0),IF(AND($G17="互联网版",$H17="中西医诊所"),IFERROR(W17/同类汇总数据!H$9,0),IF(AND($G17="互联网版",$H17="中医诊所"),IFERROR(W17/同类汇总数据!H$10,0),IF(AND($G17="互联网版",$H17="口腔诊所"),IFERROR(W17/同类汇总数据!H$11,0)))))))))) -> 0 | AJ17: =IF(AND($G17="正式版",$H17="中西医诊所"),IFERROR(X17/同类汇总数据!I$3,0),IF(AND($G17="正式版",$H17="中医诊所"),IFERROR(X17/同类汇总数据!I$4,0),IF(AND($G17="正式版",$H17="口腔诊所"),IFERROR(X17/同类汇总数据!I$5,0),IF(AND($G17="检查版",$H17="中西医诊所"),IFERROR(X17/同类汇总数据!I$6,0),IF(AND($G17="检查版",$H17="中医诊所"),IFERROR(X17/同类汇总数据!I$7,0),IF(AND($G17="检查版",$H17="口腔诊所"),IFERROR(X17/同类汇总数据!I$8,0),IF(AND($G17="互联网版",$H17="中西医诊所"),IFERROR(X17/同类汇总数据!I$9,0),IF(AND($G17="互联网版",$H17="中医诊所"),IFERROR(X17/同类汇总数据!I$10,0),IF(AND($G17="互联网版",$H17="口腔诊所"),IFERROR(X17/同类汇总数据!I$11,0)))))))))) -> 0 | AK17: =IF(AND($G17="正式版",$H17="中西医诊所"),IFERROR(Y17/同类汇总数据!J$3,0),IF(AND($G17="正式版",$H17="中医诊所"),IFERROR(Y17/同类汇总数据!J$4,0),IF(AND($G17="正式版",$H17="口腔诊所"),IFERROR(Y17/同类汇总数据!J$5,0),IF(AND($G17="检查版",$H17="中西医诊所"),IFERROR(Y17/同类汇总数据!J$6,0),IF(AND($G17="检查版",$H17="中医诊所"),IFERROR(Y17/同类汇总数据!J$7,0),IF(AND($G17="检查版",$H17="口腔诊所"),IFERROR(Y17/同类汇总数据!J$8,0),IF(AND($G17="互联网版",$H17="中西医诊所"),IFERROR(Y17/同类汇总数据!J$9,0),IF(AND($G17="互联网版",$H17="中医诊所"),IFERROR(Y17/同类汇总数据!J$10,0),IF(AND($G17="互联网版",$H17="口腔诊所"),IFERROR(Y17/同类汇总数据!J$11,0)))))))))) -> 0 | AL17: =IF(YEAR(AO17)<YEAR(TODAY()),"今年内未操作",IF(DATEDIF(AO17,$B$1,"d")>90,"最近三月未操作",IF(DATEDIF(AO17,$B$1,"d")>30,"最近一月未操作",IF(DATEDIF(AO17,$B$1,"d")>7,"最近一周未操作","-")))) -> 今年内未操作 | AM17: =IF(AE17<0.2,"低于同行20%",IF(AE17<0.5,"低于同行50%",IF(AE17>=2,"高于同行100%",IF(AE17>=1.5,"高于同行150%",IF(AE17>=1.2,"高于同行20%",""))))) -> 低于同行20% | AN17: =IF(AI17<0.2,"低于同行20%",IF(AI17<0.5,"低于同行50%",IF(AI17>=2,"高于同行100%",IF(AI17>=1.5,"高于同行150%",IF(AI17>=1.2,"高于同行20%",""))))) -> 低于同行20% | AO17: =MAX(IF(M17<>"",M17,0),IF(N17<>"",N17,0),IF(O17<>"",O17,0),IF(P17<>"",P17,0),IF(Q17<>"",Q17,0)) -> 1 | AP17: =IF(AND(DATEDIF(AQ17,$B$1,"d")<=14,DATEDIF(N17,$B$1,"d")>14),"未支付","") | AQ17: 45043.974
A18: =ROW()-3 -> 15 | B18: =IF(V18=0,"无交易",IF(AND(Y18<=-0.2,Z18<=-0.2,AA18<=-0.2),"连续三月交易下滑",IF(AND(Y18>=0.2,Z18>=0.2,AA18>=0.2),"连续三月交易上升",IF(AND(Y18<0.2,Y18>-0.2,Z18<0.2,Z18>-0.2,AA18<0.2,AA18>-0.2),"交易平稳",IF(OR(ABS(Y18-Z18)>=0.2,ABS(Z18-AA18)>=0.2),"交易波动较大","-"))))) -> 连续三月交易上升 | C18: =IF(AA18<=-0.5,"本月交易额降超50%",IF(AA18<=-0.2,"本月交易额降超20%","")) | D18: =IF(DATEDIF(AO18,$B$1,"d")>30,"流失",IF(AND(DATEDIF(AO18,$B$1,"d")>7,DATEDIF(AO18,$B$1,"d")<=30),"可能流失",IF(AND(DATEDIF(AO18,$B$1,"d")<=7,DATEDIF(AO18,$B$1,"d")>3),"即将流失","-"))) -> - | E18: 1607558295531614210 | F18: 45043.974 | G18: 正式版 | H18: 口腔诊所 | I18: 四川省泸州市 | J18: 纳溪区 | K18: 泸州益芽口腔诊所 | L18: 四川省泸州市纳溪区凤凰城五号公路口 | M18: 46103.351 | N18: 46103.611 | O18: 46103.61 | P18: 46086.664 | Q18: 46103.647 | R18: 2548 | S18: 16360 | T18: 34788 | U18: 29178 | V18: 5 | W18: 27 | X18: 63 | Y18: 52 | Z18: 663.13636 | AA18: 1.551466 | AB18: -0.46637816 | AC18: 0.1003663 | AD18: =IF(AND($G18="正式版",$H18="中西医诊所"),IFERROR(R18/同类汇总数据!C$3,0),IF(AND($G18="正式版",$H18="中医诊所"),IFERROR(R18/同类汇总数据!C$4,0),IF(AND($G18="正式版",$H18="口腔诊所"),IFERROR(R18/同类汇总数据!C$5,0),IF(AND($G18="检查版",$H18="中西医诊所"),IFERROR(R18/同类汇总数据!C$6,0),IF(AND($G18="检查版",$H18="中医诊所"),IFERROR(R18/同类汇总数据!C$7,0),IF(AND($G18="检查版",$H18="口腔诊所"),IFERROR(R18/同类汇总数据!C$8,0),IF(AND($G18="互联网版",$H18="中西医诊所"),IFERROR(R18/同类汇总数据!C$9,0),IF(AND($G18="互联网版",$H18="中医诊所"),IFERROR(R18/同类汇总数据!C$10,0),IF(AND($G18="互联网版",$H18="口腔诊所"),IFERROR(R18/同类汇总数据!C$11,0)))))))))) -> 0.25486259 | AE18: =IF(AND($G18="正式版",$H18="中西医诊所"),IFERROR(S18/同类汇总数据!D$3,0),IF(AND($G18="正式版",$H18="中医诊所"),IFERROR(S18/同类汇总数据!D$4,0),IF(AND($G18="正式版",$H18="口腔诊所"),IFERROR(S18/同类汇总数据!D$5,0),IF(AND($G18="检查版",$H18="中西医诊所"),IFERROR(S18/同类汇总数据!D$6,0),IF(AND($G18="检查版",$H18="中医诊所"),IFERROR(S18/同类汇总数据!D$7,0),IF(AND($G18="检查版",$H18="口腔诊所"),IFERROR(S18/同类汇总数据!D$8,0),IF(AND($G18="互联网版",$H18="中西医诊所"),IFERROR(S18/同类汇总数据!D$9,0),IF(AND($G18="互联网版",$H18="中医诊所"),IFERROR(S18/同类汇总数据!D$10,0),IF(AND($G18="互联网版",$H18="口腔诊所"),IFERROR(S18/同类汇总数据!D$11,0)))))))))) -> 0.37669101 | AF18: =IF(AND($G18="正式版",$H18="中西医诊所"),IFERROR(T18/同类汇总数据!E$3,0),IF(AND($G18="正式版",$H18="中医诊所"),IFERROR(T18/同类汇总数据!E$4,0),IF(AND($G18="正式版",$H18="口腔诊所"),IFERROR(T18/同类汇总数据!E$5,0),IF(AND($G18="检查版",$H18="中西医诊所"),IFERROR(T18/同类汇总数据!E$6,0),IF(AND($G18="检查版",$H18="中医诊所"),IFERROR(T18/同类汇总数据!E$7,0),IF(AND($G18="检查版",$H18="口腔诊所"),IFERROR(T18/同类汇总数据!E$8,0),IF(AND($G18="互联网版",$H18="中西医诊所"),IFERROR(T18/同类汇总数据!E$9,0),IF(AND($G18="互联网版",$H18="中医诊所"),IFERROR(T18/同类汇总数据!E$10,0),IF(AND($G18="互联网版",$H18="口腔诊所"),IFERROR(T18/同类汇总数据!E$11,0)))))))))) -> 0.31378149 | AG18: =IF(AND($G18="正式版",$H18="中西医诊所"),IFERROR(U18/同类汇总数据!F$3,0),IF(AND($G18="正式版",$H18="中医诊所"),IFERROR(U18/同类汇总数据!F$4,0),IF(AND($G18="正式版",$H18="口腔诊所"),IFERROR(U18/同类汇总数据!F$5,0),IF(AND($G18="检查版",$H18="中西医诊所"),IFERROR(U18/同类汇总数据!F$6,0),IF(AND($G18="检查版",$H18="中医诊所"),IFERROR(U18/同类汇总数据!F$7,0),IF(AND($G18="检查版",$H18="口腔诊所"),IFERROR(U18/同类汇总数据!F$8,0),IF(AND($G18="互联网版",$H18="中西医诊所"),IFERROR(U18/同类汇总数据!F$9,0),IF(AND($G18="互联网版",$H18="中医诊所"),IFERROR(U18/同类汇总数据!F$10,0),IF(AND($G18="互联网版",$H18="口腔诊所"),IFERROR(U18/同类汇总数据!F$11,0)))))))))) -> 0.29207793 | AH18: =IF(AND($G18="正式版",$H18="中西医诊所"),IFERROR(V18/同类汇总数据!G$3,0),IF(AND($G18="正式版",$H18="中医诊所"),IFERROR(V18/同类汇总数据!G$4,0),IF(AND($G18="正式版",$H18="口腔诊所"),IFERROR(V18/同类汇总数据!G$5,0),IF(AND($G18="检查版",$H18="中西医诊所"),IFERROR(V18/同类汇总数据!G$6,0),IF(AND($G18="检查版",$H18="中医诊所"),IFERROR(V18/同类汇总数据!G$7,0),IF(AND($G18="检查版",$H18="口腔诊所"),IFERROR(V18/同类汇总数据!G$8,0),IF(AND($G18="互联网版",$H18="中西医诊所"),IFERROR(V18/同类汇总数据!G$9,0),IF(AND($G18="互联网版",$H18="中医诊所"),IFERROR(V18/同类汇总数据!G$10,0),IF(AND($G18="互联网版",$H18="口腔诊所"),IFERROR(V18/同类汇总数据!G$11,0)))))))))) -> 0.37157041 | AI18: =IF(AND($G18="正式版",$H18="中西医诊所"),IFERROR(W18/同类汇总数据!H$3,0),IF(AND($G18="正式版",$H18="中医诊所"),IFERROR(W18/同类汇总数据!H$4,0),IF(AND($G18="正式版",$H18="口腔诊所"),IFERROR(W18/同类汇总数据!H$5,0),IF(AND($G18="检查版",$H18="中西医诊所"),IFERROR(W18/同类汇总数据!H$6,0),IF(AND($G18="检查版",$H18="中医诊所"),IFERROR(W18/同类汇总数据!H$7,0),IF(AND($G18="检查版",$H18="口腔诊所"),IFERROR(W18/同类汇总数据!H$8,0),IF(AND($G18="互联网版",$H18="中西医诊所"),IFERROR(W18/同类汇总数据!H$9,0),IF(AND($G18="互联网版",$H18="中医诊所"),IFERROR(W18/同类汇总数据!H$10,0),IF(AND($G18="互联网版",$H18="口腔诊所"),IFERROR(W18/同类汇总数据!H$11,0)))))))))) -> 0.47546679 | AJ18: =IF(AND($G18="正式版",$H18="中西医诊所"),IFERROR(X18/同类汇总数据!I$3,0),IF(AND($G18="正式版",$H18="中医诊所"),IFERROR(X18/同类汇总数据!I$4,0),IF(AND($G18="正式版",$H18="口腔诊所"),IFERROR(X18/同类汇总数据!I$5,0),IF(AND($G18="检查版",$H18="中西医诊所"),IFERROR(X18/同类汇总数据!I$6,0),IF(AND($G18="检查版",$H18="中医诊所"),IFERROR(X18/同类汇总数据!I$7,0),IF(AND($G18="检查版",$H18="口腔诊所"),IFERROR(X18/同类汇总数据!I$8,0),IF(AND($G18="互联网版",$H18="中西医诊所"),IFERROR(X18/同类汇总数据!I$9,0),IF(AND($G18="互联网版",$H18="中医诊所"),IFERROR(X18/同类汇总数据!I$10,0),IF(AND($G18="互联网版",$H18="口腔诊所"),IFERROR(X18/同类汇总数据!I$11,0)))))))))) -> 0.42699851 | AK18: =IF(AND($G18="正式版",$H18="中西医诊所"),IFERROR(Y18/同类汇总数据!J$3,0),IF(AND($G18="正式版",$H18="中医诊所"),IFERROR(Y18/同类汇总数据!J$4,0),IF(AND($G18="正式版",$H18="口腔诊所"),IFERROR(Y18/同类汇总数据!J$5,0),IF(AND($G18="检查版",$H18="中西医诊所"),IFERROR(Y18/同类汇总数据!J$6,0),IF(AND($G18="检查版",$H18="中医诊所"),IFERROR(Y18/同类汇总数据!J$7,0),IF(AND($G18="检查版",$H18="口腔诊所"),IFERROR(Y18/同类汇总数据!J$8,0),IF(AND($G18="互联网版",$H18="中西医诊所"),IFERROR(Y18/同类汇总数据!J$9,0),IF(AND($G18="互联网版",$H18="中医诊所"),IFERROR(Y18/同类汇总数据!J$10,0),IF(AND($G18="互联网版",$H18="口腔诊所"),IFERROR(Y18/同类汇总数据!J$11,0)))))))))) -> 0.39154533 | AL18: =IF(YEAR(AO18)<YEAR(TODAY()),"今年内未操作",IF(DATEDIF(AO18,$B$1,"d")>90,"最近三月未操作",IF(DATEDIF(AO18,$B$1,"d")>30,"最近一月未操作",IF(DATEDIF(AO18,$B$1,"d")>7,"最近一周未操作","-")))) -> - | AM18: =IF(AE18<0.2,"低于同行20%",IF(AE18<0.5,"低于同行50%",IF(AE18>=2,"高于同行100%",IF(AE18>=1.5,"高于同行150%",IF(AE18>=1.2,"高于同行20%",""))))) -> 低于同行50% | AN18: =IF(AI18<0.2,"低于同行20%",IF(AI18<0.5,"低于同行50%",IF(AI18>=2,"高于同行100%",IF(AI18>=1.5,"高于同行150%",IF(AI18>=1.2,"高于同行20%",""))))) -> 低于同行50% | AO18: =MAX(IF(M18<>"",M18,0),IF(N18<>"",N18,0),IF(O18<>"",O18,0),IF(P18<>"",P18,0),IF(Q18<>"",Q18,0)) -> 46103.647 | AP18: =IF(AND(DATEDIF(AQ18,$B$1,"d")<=14,DATEDIF(N18,$B$1,"d")>14),"未支付","") | AQ18: 45043.974
A19: =ROW()-3 -> 16 | B19: =IF(V19=0,"无交易",IF(AND(Y19<=-0.2,Z19<=-0.2,AA19<=-0.2),"连续三月交易下滑",IF(AND(Y19>=0.2,Z19>=0.2,AA19>=0.2),"连续三月交易上升",IF(AND(Y19<0.2,Y19>-0.2,Z19<0.2,Z19>-0.2,AA19<0.2,AA19>-0.2),"交易平稳",IF(OR(ABS(Y19-Z19)>=0.2,ABS(Z19-AA19)>=0.2),"交易波动较大","-"))))) -> 交易波动较大 | C19: =IF(AA19<=-0.5,"本月交易额降超50%",IF(AA19<=-0.2,"本月交易额降超20%","")) | D19: =IF(DATEDIF(AO19,$B$1,"d")>30,"流失",IF(AND(DATEDIF(AO19,$B$1,"d")>7,DATEDIF(AO19,$B$1,"d")<=30),"可能流失",IF(AND(DATEDIF(AO19,$B$1,"d")<=7,DATEDIF(AO19,$B$1,"d")>3),"即将流失","-"))) -> - | E19: 1615264663172579329 | F19: 45043.974 | G19: 正式版 | H19: 中医诊所 | I19: 四川省成都市 | J19: 天府新区 | K19: 成都天府新区脊骨堂中医诊所 | L19: 四川省成都市天府新区 | M19: 46104.385 | N19: 46103.702 | O19: 46103.701 | P19: 46098.49 | Q19: 46103.702 | R19: 5521.42 | S19: 13763.3 | T19: 48906.82 | U19: 41989.81 | V19: 20 | W19: 62 | X19: 199 | Y19: 177 | Z19: 626.71358 | AA19: -0.083487214 | AB19: -0.25386742 | AC19: -0.21911413 | AD19: =IF(AND($G19="正式版",$H19="中西医诊所"),IFERROR(R19/同类汇总数据!C$3,0),IF(AND($G19="正式版",$H19="中医诊所"),IFERROR(R19/同类汇总数据!C$4,0),IF(AND($G19="正式版",$H19="口腔诊所"),IFERROR(R19/同类汇总数据!C$5,0),IF(AND($G19="检查版",$H19="中西医诊所"),IFERROR(R19/同类汇总数据!C$6,0),IF(AND($G19="检查版",$H19="中医诊所"),IFERROR(R19/同类汇总数据!C$7,0),IF(AND($G19="检查版",$H19="口腔诊所"),IFERROR(R19/同类汇总数据!C$8,0),IF(AND($G19="互联网版",$H19="中西医诊所"),IFERROR(R19/同类汇总数据!C$9,0),IF(AND($G19="互联网版",$H19="中医诊所"),IFERROR(R19/同类汇总数据!C$10,0),IF(AND($G19="互联网版",$H19="口腔诊所"),IFERROR(R19/同类汇总数据!C$11,0)))))))))) -> 0.79479091 | AE19: =IF(AND($G19="正式版",$H19="中西医诊所"),IFERROR(S19/同类汇总数据!D$3,0),IF(AND($G19="正式版",$H19="中医诊所"),IFERROR(S19/同类汇总数据!D$4,0),IF(AND($G19="正式版",$H19="口腔诊所"),IFERROR(S19/同类汇总数据!D$5,0),IF(AND($G19="检查版",$H19="中西医诊所"),IFERROR(S19/同类汇总数据!D$6,0),IF(AND($G19="检查版",$H19="中医诊所"),IFERROR(S19/同类汇总数据!D$7,0),IF(AND($G19="检查版",$H19="口腔诊所"),IFERROR(S19/同类汇总数据!D$8,0),IF(AND($G19="互联网版",$H19="中西医诊所"),IFERROR(S19/同类汇总数据!D$9,0),IF(AND($G19="互联网版",$H19="中医诊所"),IFERROR(S19/同类汇总数据!D$10,0),IF(AND($G19="互联网版",$H19="口腔诊所"),IFERROR(S19/同类汇总数据!D$11,0)))))))))) -> 0.51061685 | AF19: =IF(AND($G19="正式版",$H19="中西医诊所"),IFERROR(T19/同类汇总数据!E$3,0),IF(AND($G19="正式版",$H19="中医诊所"),IFERROR(T19/同类汇总数据!E$4,0),IF(AND($G19="正式版",$H19="口腔诊所"),IFERROR(T19/同类汇总数据!E$5,0),IF(AND($G19="检查版",$H19="中西医诊所"),IFERROR(T19/同类汇总数据!E$6,0),IF(AND($G19="检查版",$H19="中医诊所"),IFERROR(T19/同类汇总数据!E$7,0),IF(AND($G19="检查版",$H19="口腔诊所"),IFERROR(T19/同类汇总数据!E$8,0),IF(AND($G19="互联网版",$H19="中西医诊所"),IFERROR(T19/同类汇总数据!E$9,0),IF(AND($G19="互联网版",$H19="中医诊所"),IFERROR(T19/同类汇总数据!E$10,0),IF(AND($G19="互联网版",$H19="口腔诊所"),IFERROR(T19/同类汇总数据!E$11,0)))))))))) -> 0.62842295 | AG19: =IF(AND($G19="正式版",$H19="中西医诊所"),IFERROR(U19/同类汇总数据!F$3,0),IF(AND($G19="正式版",$H19="中医诊所"),IFERROR(U19/同类汇总数据!F$4,0),IF(AND($G19="正式版",$H19="口腔诊所"),IFERROR(U19/同类汇总数据!F$5,0),IF(AND($G19="检查版",$H19="中西医诊所"),IFERROR(U19/同类汇总数据!F$6,0),IF(AND($G19="检查版",$H19="中医诊所"),IFERROR(U19/同类汇总数据!F$7,0),IF(AND($G19="检查版",$H19="口腔诊所"),IFERROR(U19/同类汇总数据!F$8,0),IF(AND($G19="互联网版",$H19="中西医诊所"),IFERROR(U19/同类汇总数据!F$9,0),IF(AND($G19="互联网版",$H19="中医诊所"),IFERROR(U19/同类汇总数据!F$10,0),IF(AND($G19="互联网版",$H19="口腔诊所"),IFERROR(U19/同类汇总数据!F$11,0)))))))))) -> 0.62871213 | AH19: =IF(AND($G19="正式版",$H19="中西医诊所"),IFERROR(V19/同类汇总数据!G$3,0),IF(AND($G19="正式版",$H19="中医诊所"),IFERROR(V19/同类汇总数据!G$4,0),IF(AND($G19="正式版",$H19="口腔诊所"),IFERROR(V19/同类汇总数据!G$5,0),IF(AND($G19="检查版",$H19="中西医诊所"),IFERROR(V19/同类汇总数据!G$6,0),IF(AND($G19="检查版",$H19="中医诊所"),IFERROR(V19/同类汇总数据!G$7,0),IF(AND($G19="检查版",$H19="口腔诊所"),IFERROR(V19/同类汇总数据!G$8,0),IF(AND($G19="互联网版",$H19="中西医诊所"),IFERROR(V19/同类汇总数据!G$9,0),IF(AND($G19="互联网版",$H19="中医诊所"),IFERROR(V19/同类汇总数据!G$10,0),IF(AND($G19="互联网版",$H19="口腔诊所"),IFERROR(V19/同类汇总数据!G$11,0)))))))))) -> 0.45178648 | AI19: =IF(AND($G19="正式版",$H19="中西医诊所"),IFERROR(W19/同类汇总数据!H$3,0),IF(AND($G19="正式版",$H19="中医诊所"),IFERROR(W19/同类汇总数据!H$4,0),IF(AND($G19="正式版",$H19="口腔诊所"),IFERROR(W19/同类汇总数据!H$5,0),IF(AND($G19="检查版",$H19="中西医诊所"),IFERROR(W19/同类汇总数据!H$6,0),IF(AND($G19="检查版",$H19="中医诊所"),IFERROR(W19/同类汇总数据!H$7,0),IF(AND($G19="检查版",$H19="口腔诊所"),IFERROR(W19/同类汇总数据!H$8,0),IF(AND($G19="互联网版",$H19="中西医诊所"),IFERROR(W19/同类汇总数据!H$9,0),IF(AND($G19="互联网版",$H19="中医诊所"),IFERROR(W19/同类汇总数据!H$10,0),IF(AND($G19="互联网版",$H19="口腔诊所"),IFERROR(W19/同类汇总数据!H$11,0)))))))))) -> 0.3523474 | AJ19: =IF(AND($G19="正式版",$H19="中西医诊所"),IFERROR(X19/同类汇总数据!I$3,0),IF(AND($G19="正式版",$H19="中医诊所"),IFERROR(X19/同类汇总数据!I$4,0),IF(AND($G19="正式版",$H19="口腔诊所"),IFERROR(X19/同类汇总数据!I$5,0),IF(AND($G19="检查版",$H19="中西医诊所"),IFERROR(X19/同类汇总数据!I$6,0),IF(AND($G19="检查版",$H19="中医诊所"),IFERROR(X19/同类汇总数据!I$7,0),IF(AND($G19="检查版",$H19="口腔诊所"),IFERROR(X19/同类汇总数据!I$8,0),IF(AND($G19="互联网版",$H19="中西医诊所"),IFERROR(X19/同类汇总数据!I$9,0),IF(AND($G19="互联网版",$H19="中医诊所"),IFERROR(X19/同类汇总数据!I$10,0),IF(AND($G19="互联网版",$H19="口腔诊所"),IFERROR(X19/同类汇总数据!I$11,0)))))))))) -> 0.38544154 | AK19: =IF(AND($G19="正式版",$H19="中西医诊所"),IFERROR(Y19/同类汇总数据!J$3,0),IF(AND($G19="正式版",$H19="中医诊所"),IFERROR(Y19/同类汇总数据!J$4,0),IF(AND($G19="正式版",$H19="口腔诊所"),IFERROR(Y19/同类汇总数据!J$5,0),IF(AND($G19="检查版",$H19="中西医诊所"),IFERROR(Y19/同类汇总数据!J$6,0),IF(AND($G19="检查版",$H19="中医诊所"),IFERROR(Y19/同类汇总数据!J$7,0),IF(AND($G19="检查版",$H19="口腔诊所"),IFERROR(Y19/同类汇总数据!J$8,0),IF(AND($G19="互联网版",$H19="中西医诊所"),IFERROR(Y19/同类汇总数据!J$9,0),IF(AND($G19="互联网版",$H19="中医诊所"),IFERROR(Y19/同类汇总数据!J$10,0),IF(AND($G19="互联网版",$H19="口腔诊所"),IFERROR(Y19/同类汇总数据!J$11,0)))))))))) -> 0.38836127 | AL19: =IF(YEAR(AO19)<YEAR(TODAY()),"今年内未操作",IF(DATEDIF(AO19,$B$1,"d")>90,"最近三月未操作",IF(DATEDIF(AO19,$B$1,"d")>30,"最近一月未操作",IF(DATEDIF(AO19,$B$1,"d")>7,"最近一周未操作","-")))) -> - | AM19: =IF(AE19<0.2,"低于同行20%",IF(AE19<0.5,"低于同行50%",IF(AE19>=2,"高于同行100%",IF(AE19>=1.5,"高于同行150%",IF(AE19>=1.2,"高于同行20%",""))))) | AN19: =IF(AI19<0.2,"低于同行20%",IF(AI19<0.5,"低于同行50%",IF(AI19>=2,"高于同行100%",IF(AI19>=1.5,"高于同行150%",IF(AI19>=1.2,"高于同行20%",""))))) -> 低于同行50% | AO19: =MAX(IF(M19<>"",M19,0),IF(N19<>"",N19,0),IF(O19<>"",O19,0),IF(P19<>"",P19,0),IF(Q19<>"",Q19,0)) -> 46104.385 | AP19: =IF(AND(DATEDIF(AQ19,$B$1,"d")<=14,DATEDIF(N19,$B$1,"d")>14),"未支付","") | AQ19: 45043.974
A20: =ROW()-3 -> 17 | B20: =IF(V20=0,"无交易",IF(AND(Y20<=-0.2,Z20<=-0.2,AA20<=-0.2),"连续三月交易下滑",IF(AND(Y20>=0.2,Z20>=0.2,AA20>=0.2),"连续三月交易上升",IF(AND(Y20<0.2,Y20>-0.2,Z20<0.2,Z20>-0.2,AA20<0.2,AA20>-0.2),"交易平稳",IF(OR(ABS(Y20-Z20)>=0.2,ABS(Z20-AA20)>=0.2),"交易波动较大","-"))))) -> 连续三月交易上升 | C20: =IF(AA20<=-0.5,"本月交易额降超50%",IF(AA20<=-0.2,"本月交易额降超20%","")) | D20: =IF(DATEDIF(AO20,$B$1,"d")>30,"流失",IF(AND(DATEDIF(AO20,$B$1,"d")>7,DATEDIF(AO20,$B$1,"d")<=30),"可能流失",IF(AND(DATEDIF(AO20,$B$1,"d")<=7,DATEDIF(AO20,$B$1,"d")>3),"即将流失","-"))) -> - | E20: 1620334772698230785 | F20: 45043.974 | G20: 正式版 | H20: 中医诊所 | I20: 四川省成都市 | J20: 高新区 | K20: 高新区逸康九九中医诊所 | L20: 四川省成都市高新区 | M20: 46104.362 | N20: 46103.462 | O20: 46104.37 | P20: 45902.461 | Q20: 46101.474 | R20: 10427 | S20: 40950 | T20: 86504 | U20: 81950 | V20: 27 | W20: 102 | X20: 253 | Y20: 233 | Z20: 871.80851 | AA20: 1.1442036 | AB20: -0.27812217 | AC20: 1.1169881 | AD20: =IF(AND($G20="正式版",$H20="中西医诊所"),IFERROR(R20/同类汇总数据!C$3,0),IF(AND($G20="正式版",$H20="中医诊所"),IFERROR(R20/同类汇总数据!C$4,0),IF(AND($G20="正式版",$H20="口腔诊所"),IFERROR(R20/同类汇总数据!C$5,0),IF(AND($G20="检查版",$H20="中西医诊所"),IFERROR(R20/同类汇总数据!C$6,0),IF(AND($G20="检查版",$H20="中医诊所"),IFERROR(R20/同类汇总数据!C$7,0),IF(AND($G20="检查版",$H20="口腔诊所"),IFERROR(R20/同类汇总数据!C$8,0),IF(AND($G20="互联网版",$H20="中西医诊所"),IFERROR(R20/同类汇总数据!C$9,0),IF(AND($G20="互联网版",$H20="中医诊所"),IFERROR(R20/同类汇总数据!C$10,0),IF(AND($G20="互联网版",$H20="口腔诊所"),IFERROR(R20/同类汇总数据!C$11,0)))))))))) -> 1.5009336 | AE20: =IF(AND($G20="正式版",$H20="中西医诊所"),IFERROR(S20/同类汇总数据!D$3,0),IF(AND($G20="正式版",$H20="中医诊所"),IFERROR(S20/同类汇总数据!D$4,0),IF(AND($G20="正式版",$H20="口腔诊所"),IFERROR(S20/同类汇总数据!D$5,0),IF(AND($G20="检查版",$H20="中西医诊所"),IFERROR(S20/同类汇总数据!D$6,0),IF(AND($G20="检查版",$H20="中医诊所"),IFERROR(S20/同类汇总数据!D$7,0),IF(AND($G20="检查版",$H20="口腔诊所"),IFERROR(S20/同类汇总数据!D$8,0),IF(AND($G20="互联网版",$H20="中西医诊所"),IFERROR(S20/同类汇总数据!D$9,0),IF(AND($G20="互联网版",$H20="中医诊所"),IFERROR(S20/同类汇总数据!D$10,0),IF(AND($G20="互联网版",$H20="口腔诊所"),IFERROR(S20/同类汇总数据!D$11,0)))))))))) -> 1.5192403 | AF20: =IF(AND($G20="正式版",$H20="中西医诊所"),IFERROR(T20/同类汇总数据!E$3,0),IF(AND($G20="正式版",$H20="中医诊所"),IFERROR(T20/同类汇总数据!E$4,0),IF(AND($G20="正式版",$H20="口腔诊所"),IFERROR(T20/同类汇总数据!E$5,0),IF(AND($G20="检查版",$H20="中西医诊所"),IFERROR(T20/同类汇总数据!E$6,0),IF(AND($G20="检查版",$H20="中医诊所"),IFERROR(T20/同类汇总数据!E$7,0),IF(AND($G20="检查版",$H20="口腔诊所"),IFERROR(T20/同类汇总数据!E$8,0),IF(AND($G20="互联网版",$H20="中西医诊所"),IFERROR(T20/同类汇总数据!E$9,0),IF(AND($G20="互联网版",$H20="中医诊所"),IFERROR(T20/同类汇总数据!E$10,0),IF(AND($G20="互联网版",$H20="口腔诊所"),IFERROR(T20/同类汇总数据!E$11,0)))))))))) -> 1.1115239 | AG20: =IF(AND($G20="正式版",$H20="中西医诊所"),IFERROR(U20/同类汇总数据!F$3,0),IF(AND($G20="正式版",$H20="中医诊所"),IFERROR(U20/同类汇总数据!F$4,0),IF(AND($G20="正式版",$H20="口腔诊所"),IFERROR(U20/同类汇总数据!F$5,0),IF(AND($G20="检查版",$H20="中西医诊所"),IFERROR(U20/同类汇总数据!F$6,0),IF(AND($G20="检查版",$H20="中医诊所"),IFERROR(U20/同类汇总数据!F$7,0),IF(AND($G20="检查版",$H20="口腔诊所"),IFERROR(U20/同类汇总数据!F$8,0),IF(AND($G20="互联网版",$H20="中西医诊所"),IFERROR(U20/同类汇总数据!F$9,0),IF(AND($G20="互联网版",$H20="中医诊所"),IFERROR(U20/同类汇总数据!F$10,0),IF(AND($G20="互联网版",$H20="口腔诊所"),IFERROR(U20/同类汇总数据!F$11,0)))))))))) -> 1.2270348 | AH20: =IF(AND($G20="正式版",$H20="中西医诊所"),IFERROR(V20/同类汇总数据!G$3,0),IF(AND($G20="正式版",$H20="中医诊所"),IFERROR(V20/同类汇总数据!G$4,0),IF(AND($G20="正式版",$H20="口腔诊所"),IFERROR(V20/同类汇总数据!G$5,0),IF(AND($G20="检查版",$H20="中西医诊所"),IFERROR(V20/同类汇总数据!G$6,0),IF(AND($G20="检查版",$H20="中医诊所"),IFERROR(V20/同类汇总数据!G$7,0),IF(AND($G20="检查版",$H20="口腔诊所"),IFERROR(V20/同类汇总数据!G$8,0),IF(AND($G20="互联网版",$H20="中西医诊所"),IFERROR(V20/同类汇总数据!G$9,0),IF(AND($G20="互联网版",$H20="中医诊所"),IFERROR(V20/同类汇总数据!G$10,0),IF(AND($G20="互联网版",$H20="口腔诊所"),IFERROR(V20/同类汇总数据!G$11,0)))))))))) -> 0.60991174 | AI20: =IF(AND($G20="正式版",$H20="中西医诊所"),IFERROR(W20/同类汇总数据!H$3,0),IF(AND($G20="正式版",$H20="中医诊所"),IFERROR(W20/同类汇总数据!H$4,0),IF(AND($G20="正式版",$H20="口腔诊所"),IFERROR(W20/同类汇总数据!H$5,0),IF(AND($G20="检查版",$H20="中西医诊所"),IFERROR(W20/同类汇总数据!H$6,0),IF(AND($G20="检查版",$H20="中医诊所"),IFERROR(W20/同类汇总数据!H$7,0),IF(AND($G20="检查版",$H20="口腔诊所"),IFERROR(W20/同类汇总数据!H$8,0),IF(AND($G20="互联网版",$H20="中西医诊所"),IFERROR(W20/同类汇总数据!H$9,0),IF(AND($G20="互联网版",$H20="中医诊所"),IFERROR(W20/同类汇总数据!H$10,0),IF(AND($G20="互联网版",$H20="口腔诊所"),IFERROR(W20/同类汇总数据!H$11,0)))))))))) -> 0.5796683 | AJ20: =IF(AND($G20="正式版",$H20="中西医诊所"),IFERROR(X20/同类汇总数据!I$3,0),IF(AND($G20="正式版",$H20="中医诊所"),IFERROR(X20/同类汇总数据!I$4,0),IF(AND($G20="正式版",$H20="口腔诊所"),IFERROR(X20/同类汇总数据!I$5,0),IF(AND($G20="检查版",$H20="中西医诊所"),IFERROR(X20/同类汇总数据!I$6,0),IF(AND($G20="检查版",$H20="中医诊所"),IFERROR(X20/同类汇总数据!I$7,0),IF(AND($G20="检查版",$H20="口腔诊所"),IFERROR(X20/同类汇总数据!I$8,0),IF(AND($G20="互联网版",$H20="中西医诊所"),IFERROR(X20/同类汇总数据!I$9,0),IF(AND($G20="互联网版",$H20="中医诊所"),IFERROR(X20/同类汇总数据!I$10,0),IF(AND($G20="互联网版",$H20="口腔诊所"),IFERROR(X20/同类汇总数据!I$11,0)))))))))) -> 0.49003372 | AK20: =IF(AND($G20="正式版",$H20="中西医诊所"),IFERROR(Y20/同类汇总数据!J$3,0),IF(AND($G20="正式版",$H20="中医诊所"),IFERROR(Y20/同类汇总数据!J$4,0),IF(AND($G20="正式版",$H20="口腔诊所"),IFERROR(Y20/同类汇总数据!J$5,0),IF(AND($G20="检查版",$H20="中西医诊所"),IFERROR(Y20/同类汇总数据!J$6,0),IF(AND($G20="检查版",$H20="中医诊所"),IFERROR(Y20/同类汇总数据!J$7,0),IF(AND($G20="检查版",$H20="口腔诊所"),IFERROR(Y20/同类汇总数据!J$8,0),IF(AND($G20="互联网版",$H20="中西医诊所"),IFERROR(Y20/同类汇总数据!J$9,0),IF(AND($G20="互联网版",$H20="中医诊所"),IFERROR(Y20/同类汇总数据!J$10,0),IF(AND($G20="互联网版",$H20="口腔诊所"),IFERROR(Y20/同类汇总数据!J$11,0)))))))))) -> 0.51123264 | AL20: =IF(YEAR(AO20)<YEAR(TODAY()),"今年内未操作",IF(DATEDIF(AO20,$B$1,"d")>90,"最近三月未操作",IF(DATEDIF(AO20,$B$1,"d")>30,"最近一月未操作",IF(DATEDIF(AO20,$B$1,"d")>7,"最近一周未操作","-")))) -> - | AM20: =IF(AE20<0.2,"低于同行20%",IF(AE20<0.5,"低于同行50%",IF(AE20>=2,"高于同行100%",IF(AE20>=1.5,"高于同行150%",IF(AE20>=1.2,"高于同行20%",""))))) -> 高于同行150% | AN20: =IF(AI20<0.2,"低于同行20%",IF(AI20<0.5,"低于同行50%",IF(AI20>=2,"高于同行100%",IF(AI20>=1.5,"高于同行150%",IF(AI20>=1.2,"高于同行20%",""))))) | AO20: =MAX(IF(M20<>"",M20,0),IF(N20<>"",N20,0),IF(O20<>"",O20,0),IF(P20<>"",P20,0),IF(Q20<>"",Q20,0)) -> 46104.37 | AP20: =IF(AND(DATEDIF(AQ20,$B$1,"d")<=14,DATEDIF(N20,$B$1,"d")>14),"未支付","") | AQ20: 45043.974
A21: =ROW()-3 -> 18 | B21: =IF(V21=0,"无交易",IF(AND(Y21<=-0.2,Z21<=-0.2,AA21<=-0.2),"连续三月交易下滑",IF(AND(Y21>=0.2,Z21>=0.2,AA21>=0.2),"连续三月交易上升",IF(AND(Y21<0.2,Y21>-0.2,Z21<0.2,Z21>-0.2,AA21<0.2,AA21>-0.2),"交易平稳",IF(OR(ABS(Y21-Z21)>=0.2,ABS(Z21-AA21)>=0.2),"交易波动较大","-"))))) -> 交易波动较大 | C21: =IF(AA21<=-0.5,"本月交易额降超50%",IF(AA21<=-0.2,"本月交易额降超20%","")) | D21: =IF(DATEDIF(AO21,$B$1,"d")>30,"流失",IF(AND(DATEDIF(AO21,$B$1,"d")>7,DATEDIF(AO21,$B$1,"d")<=30),"可能流失",IF(AND(DATEDIF(AO21,$B$1,"d")<=7,DATEDIF(AO21,$B$1,"d")>3),"即将流失","-"))) -> - | E21: 1622418593182662657 | F21: 45043.974 | G21: 正式版 | H21: 中西医诊所 | I21: 四川省成都市 | J21: 天府新区 | K21: 成都市天府新区新兴顺康诊所有限公司 | L21: 四川省成都市天府新区 | M21: 46104.349 | N21: 46103.926 | O21: 46103.917 | P21: 46100.53 | Q21: 46103.926 | R21: 5555.04 | S21: 21155.62 | T21: 73448.14 | U21: 66881.9 | V21: 161 | W21: 629 | X21: 2122 | Y21: 1893 | Z21: 135.82723 | AA21: -0.18996621 | AB21: -0.0022387296 | AC21: -0.040657301 | AD21: =IF(AND($G21="正式版",$H21="中西医诊所"),IFERROR(R21/同类汇总数据!C$3,0),IF(AND($G21="正式版",$H21="中医诊所"),IFERROR(R21/同类汇总数据!C$4,0),IF(AND($G21="正式版",$H21="口腔诊所"),IFERROR(R21/同类汇总数据!C$5,0),IF(AND($G21="检查版",$H21="中西医诊所"),IFERROR(R21/同类汇总数据!C$6,0),IF(AND($G21="检查版",$H21="中医诊所"),IFERROR(R21/同类汇总数据!C$7,0),IF(AND($G21="检查版",$H21="口腔诊所"),IFERROR(R21/同类汇总数据!C$8,0),IF(AND($G21="互联网版",$H21="中西医诊所"),IFERROR(R21/同类汇总数据!C$9,0),IF(AND($G21="互联网版",$H21="中医诊所"),IFERROR(R21/同类汇总数据!C$10,0),IF(AND($G21="互联网版",$H21="口腔诊所"),IFERROR(R21/同类汇总数据!C$11,0)))))))))) -> 0.60699197 | AE21: =IF(AND($G21="正式版",$H21="中西医诊所"),IFERROR(S21/同类汇总数据!D$3,0),IF(AND($G21="正式版",$H21="中医诊所"),IFERROR(S21/同类汇总数据!D$4,0),IF(AND($G21="正式版",$H21="口腔诊所"),IFERROR(S21/同类汇总数据!D$5,0),IF(AND($G21="检查版",$H21="中西医诊所"),IFERROR(S21/同类汇总数据!D$6,0),IF(AND($G21="检查版",$H21="中医诊所"),IFERROR(S21/同类汇总数据!D$7,0),IF(AND($G21="检查版",$H21="口腔诊所"),IFERROR(S21/同类汇总数据!D$8,0),IF(AND($G21="互联网版",$H21="中西医诊所"),IFERROR(S21/同类汇总数据!D$9,0),IF(AND($G21="互联网版",$H21="中医诊所"),IFERROR(S21/同类汇总数据!D$10,0),IF(AND($G21="互联网版",$H21="口腔诊所"),IFERROR(S21/同类汇总数据!D$11,0)))))))))) -> 0.57986491 | AF21: =IF(AND($G21="正式版",$H21="中西医诊所"),IFERROR(T21/同类汇总数据!E$3,0),IF(AND($G21="正式版",$H21="中医诊所"),IFERROR(T21/同类汇总数据!E$4,0),IF(AND($G21="正式版",$H21="口腔诊所"),IFERROR(T21/同类汇总数据!E$5,0),IF(AND($G21="检查版",$H21="中西医诊所"),IFERROR(T21/同类汇总数据!E$6,0),IF(AND($G21="检查版",$H21="中医诊所"),IFERROR(T21/同类汇总数据!E$7,0),IF(AND($G21="检查版",$H21="口腔诊所"),IFERROR(T21/同类汇总数据!E$8,0),IF(AND($G21="互联网版",$H21="中西医诊所"),IFERROR(T21/同类汇总数据!E$9,0),IF(AND($G21="互联网版",$H21="中医诊所"),IFERROR(T21/同类汇总数据!E$10,0),IF(AND($G21="互联网版",$H21="口腔诊所"),IFERROR(T21/同类汇总数据!E$11,0)))))))))) -> 0.67311853 | AG21: =IF(AND($G21="正式版",$H21="中西医诊所"),IFERROR(U21/同类汇总数据!F$3,0),IF(AND($G21="正式版",$H21="中医诊所"),IFERROR(U21/同类汇总数据!F$4,0),IF(AND($G21="正式版",$H21="口腔诊所"),IFERROR(U21/同类汇总数据!F$5,0),IF(AND($G21="检查版",$H21="中西医诊所"),IFERROR(U21/同类汇总数据!F$6,0),IF(AND($G21="检查版",$H21="中医诊所"),IFERROR(U21/同类汇总数据!F$7,0),IF(AND($G21="检查版",$H21="口腔诊所"),IFERROR(U21/同类汇总数据!F$8,0),IF(AND($G21="互联网版",$H21="中西医诊所"),IFERROR(U21/同类汇总数据!F$9,0),IF(AND($G21="互联网版",$H21="中医诊所"),IFERROR(U21/同类汇总数据!F$10,0),IF(AND($G21="互联网版",$H21="口腔诊所"),IFERROR(U21/同类汇总数据!F$11,0)))))))))) -> 0.6972444 | AH21: =IF(AND($G21="正式版",$H21="中西医诊所"),IFERROR(V21/同类汇总数据!G$3,0),IF(AND($G21="正式版",$H21="中医诊所"),IFERROR(V21/同类汇总数据!G$4,0),IF(AND($G21="正式版",$H21="口腔诊所"),IFERROR(V21/同类汇总数据!G$5,0),IF(AND($G21="检查版",$H21="中西医诊所"),IFERROR(V21/同类汇总数据!G$6,0),IF(AND($G21="检查版",$H21="中医诊所"),IFERROR(V21/同类汇总数据!G$7,0),IF(AND($G21="检查版",$H21="口腔诊所"),IFERROR(V21/同类汇总数据!G$8,0),IF(AND($G21="互联网版",$H21="中西医诊所"),IFERROR(V21/同类汇总数据!G$9,0),IF(AND($G21="互联网版",$H21="中医诊所"),IFERROR(V21/同类汇总数据!G$10,0),IF(AND($G21="互联网版",$H21="口腔诊所"),IFERROR(V21/同类汇总数据!G$11,0)))))))))) -> 1.6982925 | AI21: =IF(AND($G21="正式版",$H21="中西医诊所"),IFERROR(W21/同类汇总数据!H$3,0),IF(AND($G21="正式版",$H21="中医诊所"),IFERROR(W21/同类汇总数据!H$4,0),IF(AND($G21="正式版",$H21="口腔诊所"),IFERROR(W21/同类汇总数据!H$5,0),IF(AND($G21="检查版",$H21="中西医诊所"),IFERROR(W21/同类汇总数据!H$6,0),IF(AND($G21="检查版",$H21="中医诊所"),IFERROR(W21/同类汇总数据!H$7,0),IF(AND($G21="检查版",$H21="口腔诊所"),IFERROR(W21/同类汇总数据!H$8,0),IF(AND($G21="互联网版",$H21="中西医诊所"),IFERROR(W21/同类汇总数据!H$9,0),IF(AND($G21="互联网版",$H21="中医诊所"),IFERROR(W21/同类汇总数据!H$10,0),IF(AND($G21="互联网版",$H21="口腔诊所"),IFERROR(W21/同类汇总数据!H$11,0)))))))))) -> 1.7203165 | AJ21: =IF(AND($G21="正式版",$H21="中西医诊所"),IFERROR(X21/同类汇总数据!I$3,0),IF(AND($G21="正式版",$H21="中医诊所"),IFERROR(X21/同类汇总数据!I$4,0),IF(AND($G21="正式版",$H21="口腔诊所"),IFERROR(X21/同类汇总数据!I$5,0),IF(AND($G21="检查版",$H21="中西医诊所"),IFERROR(X21/同类汇总数据!I$6,0),IF(AND($G21="检查版",$H21="中医诊所"),IFERROR(X21/同类汇总数据!I$7,0),IF(AND($G21="检查版",$H21="口腔诊所"),IFERROR(X21/同类汇总数据!I$8,0),IF(AND($G21="互联网版",$H21="中西医诊所"),IFERROR(X21/同类汇总数据!I$9,0),IF(AND($G21="互联网版",$H21="中医诊所"),IFERROR(X21/同类汇总数据!I$10,0),IF(AND($G21="互联网版",$H21="口腔诊所"),IFERROR(X21/同类汇总数据!I$11,0)))))))))) -> 1.8763652 | AK21: =IF(AND($G21="正式版",$H21="中西医诊所"),IFERROR(Y21/同类汇总数据!J$3,0),IF(AND($G21="正式版",$H21="中医诊所"),IFERROR(Y21/同类汇总数据!J$4,0),IF(AND($G21="正式版",$H21="口腔诊所"),IFERROR(Y21/同类汇总数据!J$5,0),IF(AND($G21="检查版",$H21="中西医诊所"),IFERROR(Y21/同类汇总数据!J$6,0),IF(AND($G21="检查版",$H21="中医诊所"),IFERROR(Y21/同类汇总数据!J$7,0),IF(AND($G21="检查版",$H21="口腔诊所"),IFERROR(Y21/同类汇总数据!J$8,0),IF(AND($G21="互联网版",$H21="中西医诊所"),IFERROR(Y21/同类汇总数据!J$9,0),IF(AND($G21="互联网版",$H21="中医诊所"),IFERROR(Y21/同类汇总数据!J$10,0),IF(AND($G21="互联网版",$H21="口腔诊所"),IFERROR(Y21/同类汇总数据!J$11,0)))))))))) -> 1.8915201 | AL21: =IF(YEAR(AO21)<YEAR(TODAY()),"今年内未操作",IF(DATEDIF(AO21,$B$1,"d")>90,"最近三月未操作",IF(DATEDIF(AO21,$B$1,"d")>30,"最近一月未操作",IF(DATEDIF(AO21,$B$1,"d")>7,"最近一周未操作","-")))) -> - | AM21: =IF(AE21<0.2,"低于同行20%",IF(AE21<0.5,"低于同行50%",IF(AE21>=2,"高于同行100%",IF(AE21>=1.5,"高于同行150%",IF(AE21>=1.2,"高于同行20%",""))))) | AN21: =IF(AI21<0.2,"低于同行20%",IF(AI21<0.5,"低于同行50%",IF(AI21>=2,"高于同行100%",IF(AI21>=1.5,"高于同行150%",IF(AI21>=1.2,"高于同行20%",""))))) -> 高于同行150% | AO21: =MAX(IF(M21<>"",M21,0),IF(N21<>"",N21,0),IF(O21<>"",O21,0),IF(P21<>"",P21,0),IF(Q21<>"",Q21,0)) -> 46104.349 | AP21: =IF(AND(DATEDIF(AQ21,$B$1,"d")<=14,DATEDIF(N21,$B$1,"d")>14),"未支付","") | AQ21: 45043.974
A22: =ROW()-3 -> 19 | B22: =IF(V22=0,"无交易",IF(AND(Y22<=-0.2,Z22<=-0.2,AA22<=-0.2),"连续三月交易下滑",IF(AND(Y22>=0.2,Z22>=0.2,AA22>=0.2),"连续三月交易上升",IF(AND(Y22<0.2,Y22>-0.2,Z22<0.2,Z22>-0.2,AA22<0.2,AA22>-0.2),"交易平稳",IF(OR(ABS(Y22-Z22)>=0.2,ABS(Z22-AA22)>=0.2),"交易波动较大","-"))))) -> 无交易 | C22: =IF(AA22<=-0.5,"本月交易额降超50%",IF(AA22<=-0.2,"本月交易额降超20%","")) | D22: =IF(DATEDIF(AO22,$B$1,"d")>30,"流失",IF(AND(DATEDIF(AO22,$B$1,"d")>7,DATEDIF(AO22,$B$1,"d")<=30),"可能流失",IF(AND(DATEDIF(AO22,$B$1,"d")<=7,DATEDIF(AO22,$B$1,"d")>3),"即将流失","-"))) -> 流失 | E22: 1623609757906882562 | F22: 45043.974 | G22: 检查版 | H22: 中医诊所 | I22: 四川省成都市 | J22: 天府新区 | K22: 成都天府新区颐丰堂中医诊所有限公司 | L22: 四川省成都市天府新区 | M22: 45801.806 | N22: 45786.637 | O22: 45786.637 | P22: 45662.517 | Q22: 45669.79 | AD22: =IF(AND($G22="正式版",$H22="中西医诊所"),IFERROR(R22/同类汇总数据!C$3,0),IF(AND($G22="正式版",$H22="中医诊所"),IFERROR(R22/同类汇总数据!C$4,0),IF(AND($G22="正式版",$H22="口腔诊所"),IFERROR(R22/同类汇总数据!C$5,0),IF(AND($G22="检查版",$H22="中西医诊所"),IFERROR(R22/同类汇总数据!C$6,0),IF(AND($G22="检查版",$H22="中医诊所"),IFERROR(R22/同类汇总数据!C$7,0),IF(AND($G22="检查版",$H22="口腔诊所"),IFERROR(R22/同类汇总数据!C$8,0),IF(AND($G22="互联网版",$H22="中西医诊所"),IFERROR(R22/同类汇总数据!C$9,0),IF(AND($G22="互联网版",$H22="中医诊所"),IFERROR(R22/同类汇总数据!C$10,0),IF(AND($G22="互联网版",$H22="口腔诊所"),IFERROR(R22/同类汇总数据!C$11,0)))))))))) -> 0 | AE22: =IF(AND($G22="正式版",$H22="中西医诊所"),IFERROR(S22/同类汇总数据!D$3,0),IF(AND($G22="正式版",$H22="中医诊所"),IFERROR(S22/同类汇总数据!D$4,0),IF(AND($G22="正式版",$H22="口腔诊所"),IFERROR(S22/同类汇总数据!D$5,0),IF(AND($G22="检查版",$H22="中西医诊所"),IFERROR(S22/同类汇总数据!D$6,0),IF(AND($G22="检查版",$H22="中医诊所"),IFERROR(S22/同类汇总数据!D$7,0),IF(AND($G22="检查版",$H22="口腔诊所"),IFERROR(S22/同类汇总数据!D$8,0),IF(AND($G22="互联网版",$H22="中西医诊所"),IFERROR(S22/同类汇总数据!D$9,0),IF(AND($G22="互联网版",$H22="中医诊所"),IFERROR(S22/同类汇总数据!D$10,0),IF(AND($G22="互联网版",$H22="口腔诊所"),IFERROR(S22/同类汇总数据!D$11,0)))))))))) -> 0 | AF22: =IF(AND($G22="正式版",$H22="中西医诊所"),IFERROR(T22/同类汇总数据!E$3,0),IF(AND($G22="正式版",$H22="中医诊所"),IFERROR(T22/同类汇总数据!E$4,0),IF(AND($G22="正式版",$H22="口腔诊所"),IFERROR(T22/同类汇总数据!E$5,0),IF(AND($G22="检查版",$H22="中西医诊所"),IFERROR(T22/同类汇总数据!E$6,0),IF(AND($G22="检查版",$H22="中医诊所"),IFERROR(T22/同类汇总数据!E$7,0),IF(AND($G22="检查版",$H22="口腔诊所"),IFERROR(T22/同类汇总数据!E$8,0),IF(AND($G22="互联网版",$H22="中西医诊所"),IFERROR(T22/同类汇总数据!E$9,0),IF(AND($G22="互联网版",$H22="中医诊所"),IFERROR(T22/同类汇总数据!E$10,0),IF(AND($G22="互联网版",$H22="口腔诊所"),IFERROR(T22/同类汇总数据!E$11,0)))))))))) -> 0 | AG22: =IF(AND($G22="正式版",$H22="中西医诊所"),IFERROR(U22/同类汇总数据!F$3,0),IF(AND($G22="正式版",$H22="中医诊所"),IFERROR(U22/同类汇总数据!F$4,0),IF(AND($G22="正式版",$H22="口腔诊所"),IFERROR(U22/同类汇总数据!F$5,0),IF(AND($G22="检查版",$H22="中西医诊所"),IFERROR(U22/同类汇总数据!F$6,0),IF(AND($G22="检查版",$H22="中医诊所"),IFERROR(U22/同类汇总数据!F$7,0),IF(AND($G22="检查版",$H22="口腔诊所"),IFERROR(U22/同类汇总数据!F$8,0),IF(AND($G22="互联网版",$H22="中西医诊所"),IFERROR(U22/同类汇总数据!F$9,0),IF(AND($G22="互联网版",$H22="中医诊所"),IFERROR(U22/同类汇总数据!F$10,0),IF(AND($G22="互联网版",$H22="口腔诊所"),IFERROR(U22/同类汇总数据!F$11,0)))))))))) -> 0 | AH22: =IF(AND($G22="正式版",$H22="中西医诊所"),IFERROR(V22/同类汇总数据!G$3,0),IF(AND($G22="正式版",$H22="中医诊所"),IFERROR(V22/同类汇总数据!G$4,0),IF(AND($G22="正式版",$H22="口腔诊所"),IFERROR(V22/同类汇总数据!G$5,0),IF(AND($G22="检查版",$H22="中西医诊所"),IFERROR(V22/同类汇总数据!G$6,0),IF(AND($G22="检查版",$H22="中医诊所"),IFERROR(V22/同类汇总数据!G$7,0),IF(AND($G22="检查版",$H22="口腔诊所"),IFERROR(V22/同类汇总数据!G$8,0),IF(AND($G22="互联网版",$H22="中西医诊所"),IFERROR(V22/同类汇总数据!G$9,0),IF(AND($G22="互联网版",$H22="中医诊所"),IFERROR(V22/同类汇总数据!G$10,0),IF(AND($G22="互联网版",$H22="口腔诊所"),IFERROR(V22/同类汇总数据!G$11,0)))))))))) -> 0 | AI22: =IF(AND($G22="正式版",$H22="中西医诊所"),IFERROR(W22/同类汇总数据!H$3,0),IF(AND($G22="正式版",$H22="中医诊所"),IFERROR(W22/同类汇总数据!H$4,0),IF(AND($G22="正式版",$H22="口腔诊所"),IFERROR(W22/同类汇总数据!H$5,0),IF(AND($G22="检查版",$H22="中西医诊所"),IFERROR(W22/同类汇总数据!H$6,0),IF(AND($G22="检查版",$H22="中医诊所"),IFERROR(W22/同类汇总数据!H$7,0),IF(AND($G22="检查版",$H22="口腔诊所"),IFERROR(W22/同类汇总数据!H$8,0),IF(AND($G22="互联网版",$H22="中西医诊所"),IFERROR(W22/同类汇总数据!H$9,0),IF(AND($G22="互联网版",$H22="中医诊所"),IFERROR(W22/同类汇总数据!H$10,0),IF(AND($G22="互联网版",$H22="口腔诊所"),IFERROR(W22/同类汇总数据!H$11,0)))))))))) -> 0 | AJ22: =IF(AND($G22="正式版",$H22="中西医诊所"),IFERROR(X22/同类汇总数据!I$3,0),IF(AND($G22="正式版",$H22="中医诊所"),IFERROR(X22/同类汇总数据!I$4,0),IF(AND($G22="正式版",$H22="口腔诊所"),IFERROR(X22/同类汇总数据!I$5,0),IF(AND($G22="检查版",$H22="中西医诊所"),IFERROR(X22/同类汇总数据!I$6,0),IF(AND($G22="检查版",$H22="中医诊所"),IFERROR(X22/同类汇总数据!I$7,0),IF(AND($G22="检查版",$H22="口腔诊所"),IFERROR(X22/同类汇总数据!I$8,0),IF(AND($G22="互联网版",$H22="中西医诊所"),IFERROR(X22/同类汇总数据!I$9,0),IF(AND($G22="互联网版",$H22="中医诊所"),IFERROR(X22/同类汇总数据!I$10,0),IF(AND($G22="互联网版",$H22="口腔诊所"),IFERROR(X22/同类汇总数据!I$11,0)))))))))) -> 0 | AK22: =IF(AND($G22="正式版",$H22="中西医诊所"),IFERROR(Y22/同类汇总数据!J$3,0),IF(AND($G22="正式版",$H22="中医诊所"),IFERROR(Y22/同类汇总数据!J$4,0),IF(AND($G22="正式版",$H22="口腔诊所"),IFERROR(Y22/同类汇总数据!J$5,0),IF(AND($G22="检查版",$H22="中西医诊所"),IFERROR(Y22/同类汇总数据!J$6,0),IF(AND($G22="检查版",$H22="中医诊所"),IFERROR(Y22/同类汇总数据!J$7,0),IF(AND($G22="检查版",$H22="口腔诊所"),IFERROR(Y22/同类汇总数据!J$8,0),IF(AND($G22="互联网版",$H22="中西医诊所"),IFERROR(Y22/同类汇总数据!J$9,0),IF(AND($G22="互联网版",$H22="中医诊所"),IFERROR(Y22/同类汇总数据!J$10,0),IF(AND($G22="互联网版",$H22="口腔诊所"),IFERROR(Y22/同类汇总数据!J$11,0)))))))))) -> 0 | AL22: =IF(YEAR(AO22)<YEAR(TODAY()),"今年内未操作",IF(DATEDIF(AO22,$B$1,"d")>90,"最近三月未操作",IF(DATEDIF(AO22,$B$1,"d")>30,"最近一月未操作",IF(DATEDIF(AO22,$B$1,"d")>7,"最近一周未操作","-")))) -> 今年内未操作 | AM22: =IF(AE22<0.2,"低于同行20%",IF(AE22<0.5,"低于同行50%",IF(AE22>=2,"高于同行100%",IF(AE22>=1.5,"高于同行150%",IF(AE22>=1.2,"高于同行20%",""))))) -> 低于同行20% | AN22: =IF(AI22<0.2,"低于同行20%",IF(AI22<0.5,"低于同行50%",IF(AI22>=2,"高于同行100%",IF(AI22>=1.5,"高于同行150%",IF(AI22>=1.2,"高于同行20%",""))))) -> 低于同行20% | AO22: =MAX(IF(M22<>"",M22,0),IF(N22<>"",N22,0),IF(O22<>"",O22,0),IF(P22<>"",P22,0),IF(Q22<>"",Q22,0)) -> 45801.806 | AP22: =IF(AND(DATEDIF(AQ22,$B$1,"d")<=14,DATEDIF(N22,$B$1,"d")>14),"未支付","") | AQ22: 45043.974
A23: =ROW()-3 -> 20 | B23: =IF(V23=0,"无交易",IF(AND(Y23<=-0.2,Z23<=-0.2,AA23<=-0.2),"连续三月交易下滑",IF(AND(Y23>=0.2,Z23>=0.2,AA23>=0.2),"连续三月交易上升",IF(AND(Y23<0.2,Y23>-0.2,Z23<0.2,Z23>-0.2,AA23<0.2,AA23>-0.2),"交易平稳",IF(OR(ABS(Y23-Z23)>=0.2,ABS(Z23-AA23)>=0.2),"交易波动较大","-"))))) -> 交易波动较大 | C23: =IF(AA23<=-0.5,"本月交易额降超50%",IF(AA23<=-0.2,"本月交易额降超20%","")) | D23: =IF(DATEDIF(AO23,$B$1,"d")>30,"流失",IF(AND(DATEDIF(AO23,$B$1,"d")>7,DATEDIF(AO23,$B$1,"d")<=30),"可能流失",IF(AND(DATEDIF(AO23,$B$1,"d")<=7,DATEDIF(AO23,$B$1,"d")>3),"即将流失","-"))) -> - | E23: 1625386495821234178 | F23: 45043.974 | G23: 正式版 | H23: 中医诊所 | I23: 四川省成都市 | J23: 新都区 | K23: 成都新都容德君会中医诊所有限公司 | L23: 四川省成都市新都区 | M23: 46103.651 | N23: 46103.493 | O23: 46103.492 | P23: 46093.729 | Q23: 46103.718 | R23: 3773.45 | S23: 17689.19 | T23: 53838.24 | U23: 47878.28 | V23: 16 | W23: 86 | X23: 284 | Y23: 253 | Z23: 306.91205 | AA23: 0.10884408 | AB23: -0.21010902 | AC23: -0.0023316207 | AD23: =IF(AND($G23="正式版",$H23="中西医诊所"),IFERROR(R23/同类汇总数据!C$3,0),IF(AND($G23="正式版",$H23="中医诊所"),IFERROR(R23/同类汇总数据!C$4,0),IF(AND($G23="正式版",$H23="口腔诊所"),IFERROR(R23/同类汇总数据!C$5,0),IF(AND($G23="检查版",$H23="中西医诊所"),IFERROR(R23/同类汇总数据!C$6,0),IF(AND($G23="检查版",$H23="中医诊所"),IFERROR(R23/同类汇总数据!C$7,0),IF(AND($G23="检查版",$H23="口腔诊所"),IFERROR(R23/同类汇总数据!C$8,0),IF(AND($G23="互联网版",$H23="中西医诊所"),IFERROR(R23/同类汇总数据!C$9,0),IF(AND($G23="互联网版",$H23="中医诊所"),IFERROR(R23/同类汇总数据!C$10,0),IF(AND($G23="互联网版",$H23="口腔诊所"),IFERROR(R23/同类汇总数据!C$11,0)))))))))) -> 0.54317617 | AE23: =IF(AND($G23="正式版",$H23="中西医诊所"),IFERROR(S23/同类汇总数据!D$3,0),IF(AND($G23="正式版",$H23="中医诊所"),IFERROR(S23/同类汇总数据!D$4,0),IF(AND($G23="正式版",$H23="口腔诊所"),IFERROR(S23/同类汇总数据!D$5,0),IF(AND($G23="检查版",$H23="中西医诊所"),IFERROR(S23/同类汇总数据!D$6,0),IF(AND($G23="检查版",$H23="中医诊所"),IFERROR(S23/同类汇总数据!D$7,0),IF(AND($G23="检查版",$H23="口腔诊所"),IFERROR(S23/同类汇总数据!D$8,0),IF(AND($G23="互联网版",$H23="中西医诊所"),IFERROR(S23/同类汇总数据!D$9,0),IF(AND($G23="互联网版",$H23="中医诊所"),IFERROR(S23/同类汇总数据!D$10,0),IF(AND($G23="互联网版",$H23="口腔诊所"),IFERROR(S23/同类汇总数据!D$11,0)))))))))) -> 0.65626692 | AF23: =IF(AND($G23="正式版",$H23="中西医诊所"),IFERROR(T23/同类汇总数据!E$3,0),IF(AND($G23="正式版",$H23="中医诊所"),IFERROR(T23/同类汇总数据!E$4,0),IF(AND($G23="正式版",$H23="口腔诊所"),IFERROR(T23/同类汇总数据!E$5,0),IF(AND($G23="检查版",$H23="中西医诊所"),IFERROR(T23/同类汇总数据!E$6,0),IF(AND($G23="检查版",$H23="中医诊所"),IFERROR(T23/同类汇总数据!E$7,0),IF(AND($G23="检查版",$H23="口腔诊所"),IFERROR(T23/同类汇总数据!E$8,0),IF(AND($G23="互联网版",$H23="中西医诊所"),IFERROR(T23/同类汇总数据!E$9,0),IF(AND($G23="互联网版",$H23="中医诊所"),IFERROR(T23/同类汇总数据!E$10,0),IF(AND($G23="互联网版",$H23="口腔诊所"),IFERROR(T23/同类汇总数据!E$11,0)))))))))) -> 0.6917887 | AG23: =IF(AND($G23="正式版",$H23="中西医诊所"),IFERROR(U23/同类汇总数据!F$3,0),IF(AND($G23="正式版",$H23="中医诊所"),IFERROR(U23/同类汇总数据!F$4,0),IF(AND($G23="正式版",$H23="口腔诊所"),IFERROR(U23/同类汇总数据!F$5,0),IF(AND($G23="检查版",$H23="中西医诊所"),IFERROR(U23/同类汇总数据!F$6,0),IF(AND($G23="检查版",$H23="中医诊所"),IFERROR(U23/同类汇总数据!F$7,0),IF(AND($G23="检查版",$H23="口腔诊所"),IFERROR(U23/同类汇总数据!F$8,0),IF(AND($G23="互联网版",$H23="中西医诊所"),IFERROR(U23/同类汇总数据!F$9,0),IF(AND($G23="互联网版",$H23="中医诊所"),IFERROR(U23/同类汇总数据!F$10,0),IF(AND($G23="互联网版",$H23="口腔诊所"),IFERROR(U23/同类汇总数据!F$11,0)))))))))) -> 0.71688001 | AH23: =IF(AND($G23="正式版",$H23="中西医诊所"),IFERROR(V23/同类汇总数据!G$3,0),IF(AND($G23="正式版",$H23="中医诊所"),IFERROR(V23/同类汇总数据!G$4,0),IF(AND($G23="正式版",$H23="口腔诊所"),IFERROR(V23/同类汇总数据!G$5,0),IF(AND($G23="检查版",$H23="中西医诊所"),IFERROR(V23/同类汇总数据!G$6,0),IF(AND($G23="检查版",$H23="中医诊所"),IFERROR(V23/同类汇总数据!G$7,0),IF(AND($G23="检查版",$H23="口腔诊所"),IFERROR(V23/同类汇总数据!G$8,0),IF(AND($G23="互联网版",$H23="中西医诊所"),IFERROR(V23/同类汇总数据!G$9,0),IF(AND($G23="互联网版",$H23="中医诊所"),IFERROR(V23/同类汇总数据!G$10,0),IF(AND($G23="互联网版",$H23="口腔诊所"),IFERROR(V23/同类汇总数据!G$11,0)))))))))) -> 0.36142918 | AI23: =IF(AND($G23="正式版",$H23="中西医诊所"),IFERROR(W23/同类汇总数据!H$3,0),IF(AND($G23="正式版",$H23="中医诊所"),IFERROR(W23/同类汇总数据!H$4,0),IF(AND($G23="正式版",$H23="口腔诊所"),IFERROR(W23/同类汇总数据!H$5,0),IF(AND($G23="检查版",$H23="中西医诊所"),IFERROR(W23/同类汇总数据!H$6,0),IF(AND($G23="检查版",$H23="中医诊所"),IFERROR(W23/同类汇总数据!H$7,0),IF(AND($G23="检查版",$H23="口腔诊所"),IFERROR(W23/同类汇总数据!H$8,0),IF(AND($G23="互联网版",$H23="中西医诊所"),IFERROR(W23/同类汇总数据!H$9,0),IF(AND($G23="互联网版",$H23="中医诊所"),IFERROR(W23/同类汇总数据!H$10,0),IF(AND($G23="互联网版",$H23="口腔诊所"),IFERROR(W23/同类汇总数据!H$11,0)))))))))) -> 0.48873994 | AJ23: =IF(AND($G23="正式版",$H23="中西医诊所"),IFERROR(X23/同类汇总数据!I$3,0),IF(AND($G23="正式版",$H23="中医诊所"),IFERROR(X23/同类汇总数据!I$4,0),IF(AND($G23="正式版",$H23="口腔诊所"),IFERROR(X23/同类汇总数据!I$5,0),IF(AND($G23="检查版",$H23="中西医诊所"),IFERROR(X23/同类汇总数据!I$6,0),IF(AND($G23="检查版",$H23="中医诊所"),IFERROR(X23/同类汇总数据!I$7,0),IF(AND($G23="检查版",$H23="口腔诊所"),IFERROR(X23/同类汇总数据!I$8,0),IF(AND($G23="互联网版",$H23="中西医诊所"),IFERROR(X23/同类汇总数据!I$9,0),IF(AND($G23="互联网版",$H23="中医诊所"),IFERROR(X23/同类汇总数据!I$10,0),IF(AND($G23="互联网版",$H23="口腔诊所"),IFERROR(X23/同类汇总数据!I$11,0)))))))))) -> 0.55007738 | AK23: =IF(AND($G23="正式版",$H23="中西医诊所"),IFERROR(Y23/同类汇总数据!J$3,0),IF(AND($G23="正式版",$H23="中医诊所"),IFERROR(Y23/同类汇总数据!J$4,0),IF(AND($G23="正式版",$H23="口腔诊所"),IFERROR(Y23/同类汇总数据!J$5,0),IF(AND($G23="检查版",$H23="中西医诊所"),IFERROR(Y23/同类汇总数据!J$6,0),IF(AND($G23="检查版",$H23="中医诊所"),IFERROR(Y23/同类汇总数据!J$7,0),IF(AND($G23="检查版",$H23="口腔诊所"),IFERROR(Y23/同类汇总数据!J$8,0),IF(AND($G23="互联网版",$H23="中西医诊所"),IFERROR(Y23/同类汇总数据!J$9,0),IF(AND($G23="互联网版",$H23="中医诊所"),IFERROR(Y23/同类汇总数据!J$10,0),IF(AND($G23="互联网版",$H23="口腔诊所"),IFERROR(Y23/同类汇总数据!J$11,0)))))))))) -> 0.55511527 | AL23: =IF(YEAR(AO23)<YEAR(TODAY()),"今年内未操作",IF(DATEDIF(AO23,$B$1,"d")>90,"最近三月未操作",IF(DATEDIF(AO23,$B$1,"d")>30,"最近一月未操作",IF(DATEDIF(AO23,$B$1,"d")>7,"最近一周未操作","-")))) -> - | AM23: =IF(AE23<0.2,"低于同行20%",IF(AE23<0.5,"低于同行50%",IF(AE23>=2,"高于同行100%",IF(AE23>=1.5,"高于同行150%",IF(AE23>=1.2,"高于同行20%",""))))) | AN23: =IF(AI23<0.2,"低于同行20%",IF(AI23<0.5,"低于同行50%",IF(AI23>=2,"高于同行100%",IF(AI23>=1.5,"高于同行150%",IF(AI23>=1.2,"高于同行20%",""))))) -> 低于同行50% | AO23: =MAX(IF(M23<>"",M23,0),IF(N23<>"",N23,0),IF(O23<>"",O23,0),IF(P23<>"",P23,0),IF(Q23<>"",Q23,0)) -> 46103.718 | AP23: =IF(AND(DATEDIF(AQ23,$B$1,"d")<=14,DATEDIF(N23,$B$1,"d")>14),"未支付","") | AQ23: 45043.974
A24: =ROW()-3 -> 21 | B24: =IF(V24=0,"无交易",IF(AND(Y24<=-0.2,Z24<=-0.2,AA24<=-0.2),"连续三月交易下滑",IF(AND(Y24>=0.2,Z24>=0.2,AA24>=0.2),"连续三月交易上升",IF(AND(Y24<0.2,Y24>-0.2,Z24<0.2,Z24>-0.2,AA24<0.2,AA24>-0.2),"交易平稳",IF(OR(ABS(Y24-Z24)>=0.2,ABS(Z24-AA24)>=0.2),"交易波动较大","-"))))) -> 交易波动较大 | C24: =IF(AA24<=-0.5,"本月交易额降超50%",IF(AA24<=-0.2,"本月交易额降超20%","")) | D24: =IF(DATEDIF(AO24,$B$1,"d")>30,"流失",IF(AND(DATEDIF(AO24,$B$1,"d")>7,DATEDIF(AO24,$B$1,"d")<=30),"可能流失",IF(AND(DATEDIF(AO24,$B$1,"d")<=7,DATEDIF(AO24,$B$1,"d")>3),"即将流失","-"))) -> - | E24: 1625388529605689346 | F24: 45043.974 | G24: 正式版 | H24: 中医诊所 | I24: 四川省成都市 | J24: 新都区 | K24: 成都新都容德正康中医诊所 | L24: 新都区大丰街道大天路895号 | M24: 46104.381 | N24: 46103.835 | O24: 46103.891 | P24: 46103.707 | Q24: 46104.386 | R24: 4620 | S24: 19586.8 | T24: 59262.59 | U24: 52259.5 | V24: 32 | W24: 183 | X24: 397 | Y24: 369 | Z24: 251.2476 | AA24: 0.078996078 | AB24: -0.15658559 | AC24: -0.022126761 | AD24: =IF(AND($G24="正式版",$H24="中西医诊所"),IFERROR(R24/同类汇总数据!C$3,0),IF(AND($G24="正式版",$H24="中医诊所"),IFERROR(R24/同类汇总数据!C$4,0),IF(AND($G24="正式版",$H24="口腔诊所"),IFERROR(R24/同类汇总数据!C$5,0),IF(AND($G24="检查版",$H24="中西医诊所"),IFERROR(R24/同类汇总数据!C$6,0),IF(AND($G24="检查版",$H24="中医诊所"),IFERROR(R24/同类汇总数据!C$7,0),IF(AND($G24="检查版",$H24="口腔诊所"),IFERROR(R24/同类汇总数据!C$8,0),IF(AND($G24="互联网版",$H24="中西医诊所"),IFERROR(R24/同类汇总数据!C$9,0),IF(AND($G24="互联网版",$H24="中医诊所"),IFERROR(R24/同类汇总数据!C$10,0),IF(AND($G24="互联网版",$H24="口腔诊所"),IFERROR(R24/同类汇总数据!C$11,0)))))))))) -> 0.66503436 | AE24: =IF(AND($G24="正式版",$H24="中西医诊所"),IFERROR(S24/同类汇总数据!D$3,0),IF(AND($G24="正式版",$H24="中医诊所"),IFERROR(S24/同类汇总数据!D$4,0),IF(AND($G24="正式版",$H24="口腔诊所"),IFERROR(S24/同类汇总数据!D$5,0),IF(AND($G24="检查版",$H24="中西医诊所"),IFERROR(S24/同类汇总数据!D$6,0),IF(AND($G24="检查版",$H24="中医诊所"),IFERROR(S24/同类汇总数据!D$7,0),IF(AND($G24="检查版",$H24="口腔诊所"),IFERROR(S24/同类汇总数据!D$8,0),IF(AND($G24="互联网版",$H24="中西医诊所"),IFERROR(S24/同类汇总数据!D$9,0),IF(AND($G24="互联网版",$H24="中医诊所"),IFERROR(S24/同类汇总数据!D$10,0),IF(AND($G24="互联网版",$H24="口腔诊所"),IFERROR(S24/同类汇总数据!D$11,0)))))))))) -> 0.72666803 | AF24: =IF(AND($G24="正式版",$H24="中西医诊所"),IFERROR(T24/同类汇总数据!E$3,0),IF(AND($G24="正式版",$H24="中医诊所"),IFERROR(T24/同类汇总数据!E$4,0),IF(AND($G24="正式版",$H24="口腔诊所"),IFERROR(T24/同类汇总数据!E$5,0),IF(AND($G24="检查版",$H24="中西医诊所"),IFERROR(T24/同类汇总数据!E$6,0),IF(AND($G24="检查版",$H24="中医诊所"),IFERROR(T24/同类汇总数据!E$7,0),IF(AND($G24="检查版",$H24="口腔诊所"),IFERROR(T24/同类汇总数据!E$8,0),IF(AND($G24="互联网版",$H24="中西医诊所"),IFERROR(T24/同类汇总数据!E$9,0),IF(AND($G24="互联网版",$H24="中医诊所"),IFERROR(T24/同类汇总数据!E$10,0),IF(AND($G24="互联网版",$H24="口腔诊所"),IFERROR(T24/同类汇总数据!E$11,0)))))))))) -> 0.7614883 | AG24: =IF(AND($G24="正式版",$H24="中西医诊所"),IFERROR(U24/同类汇总数据!F$3,0),IF(AND($G24="正式版",$H24="中医诊所"),IFERROR(U24/同类汇总数据!F$4,0),IF(AND($G24="正式版",$H24="口腔诊所"),IFERROR(U24/同类汇总数据!F$5,0),IF(AND($G24="检查版",$H24="中西医诊所"),IFERROR(U24/同类汇总数据!F$6,0),IF(AND($G24="检查版",$H24="中医诊所"),IFERROR(U24/同类汇总数据!F$7,0),IF(AND($G24="检查版",$H24="口腔诊所"),IFERROR(U24/同类汇总数据!F$8,0),IF(AND($G24="互联网版",$H24="中西医诊所"),IFERROR(U24/同类汇总数据!F$9,0),IF(AND($G24="互联网版",$H24="中医诊所"),IFERROR(U24/同类汇总数据!F$10,0),IF(AND($G24="互联网版",$H24="口腔诊所"),IFERROR(U24/同类汇总数据!F$11,0)))))))))) -> 0.78247989 | AH24: =IF(AND($G24="正式版",$H24="中西医诊所"),IFERROR(V24/同类汇总数据!G$3,0),IF(AND($G24="正式版",$H24="中医诊所"),IFERROR(V24/同类汇总数据!G$4,0),IF(AND($G24="正式版",$H24="口腔诊所"),IFERROR(V24/同类汇总数据!G$5,0),IF(AND($G24="检查版",$H24="中西医诊所"),IFERROR(V24/同类汇总数据!G$6,0),IF(AND($G24="检查版",$H24="中医诊所"),IFERROR(V24/同类汇总数据!G$7,0),IF(AND($G24="检查版",$H24="口腔诊所"),IFERROR(V24/同类汇总数据!G$8,0),IF(AND($G24="互联网版",$H24="中西医诊所"),IFERROR(V24/同类汇总数据!G$9,0),IF(AND($G24="互联网版",$H24="中医诊所"),IFERROR(V24/同类汇总数据!G$10,0),IF(AND($G24="互联网版",$H24="口腔诊所"),IFERROR(V24/同类汇总数据!G$11,0)))))))))) -> 0.72285836 | AI24: =IF(AND($G24="正式版",$H24="中西医诊所"),IFERROR(W24/同类汇总数据!H$3,0),IF(AND($G24="正式版",$H24="中医诊所"),IFERROR(W24/同类汇总数据!H$4,0),IF(AND($G24="正式版",$H24="口腔诊所"),IFERROR(W24/同类汇总数据!H$5,0),IF(AND($G24="检查版",$H24="中西医诊所"),IFERROR(W24/同类汇总数据!H$6,0),IF(AND($G24="检查版",$H24="中医诊所"),IFERROR(W24/同类汇总数据!H$7,0),IF(AND($G24="检查版",$H24="口腔诊所"),IFERROR(W24/同类汇总数据!H$8,0),IF(AND($G24="互联网版",$H24="中西医诊所"),IFERROR(W24/同类汇总数据!H$9,0),IF(AND($G24="互联网版",$H24="中医诊所"),IFERROR(W24/同类汇总数据!H$10,0),IF(AND($G24="互联网版",$H24="口腔诊所"),IFERROR(W24/同类汇总数据!H$11,0)))))))))) -> 1.0399931 | AJ24: =IF(AND($G24="正式版",$H24="中西医诊所"),IFERROR(X24/同类汇总数据!I$3,0),IF(AND($G24="正式版",$H24="中医诊所"),IFERROR(X24/同类汇总数据!I$4,0),IF(AND($G24="正式版",$H24="口腔诊所"),IFERROR(X24/同类汇总数据!I$5,0),IF(AND($G24="检查版",$H24="中西医诊所"),IFERROR(X24/同类汇总数据!I$6,0),IF(AND($G24="检查版",$H24="中医诊所"),IFERROR(X24/同类汇总数据!I$7,0),IF(AND($G24="检查版",$H24="口腔诊所"),IFERROR(X24/同类汇总数据!I$8,0),IF(AND($G24="互联网版",$H24="中西医诊所"),IFERROR(X24/同类汇总数据!I$9,0),IF(AND($G24="互联网版",$H24="中医诊所"),IFERROR(X24/同类汇总数据!I$10,0),IF(AND($G24="互联网版",$H24="口腔诊所"),IFERROR(X24/同类汇总数据!I$11,0)))))))))) -> 0.7689462 | AK24: =IF(AND($G24="正式版",$H24="中西医诊所"),IFERROR(Y24/同类汇总数据!J$3,0),IF(AND($G24="正式版",$H24="中医诊所"),IFERROR(Y24/同类汇总数据!J$4,0),IF(AND($G24="正式版",$H24="口腔诊所"),IFERROR(Y24/同类汇总数据!J$5,0),IF(AND($G24="检查版",$H24="中西医诊所"),IFERROR(Y24/同类汇总数据!J$6,0),IF(AND($G24="检查版",$H24="中医诊所"),IFERROR(Y24/同类汇总数据!J$7,0),IF(AND($G24="检查版",$H24="口腔诊所"),IFERROR(Y24/同类汇总数据!J$8,0),IF(AND($G24="互联网版",$H24="中西医诊所"),IFERROR(Y24/同类汇总数据!J$9,0),IF(AND($G24="互联网版",$H24="中医诊所"),IFERROR(Y24/同类汇总数据!J$10,0),IF(AND($G24="互联网版",$H24="口腔诊所"),IFERROR(Y24/同类汇总数据!J$11,0)))))))))) -> 0.80963452 | AL24: =IF(YEAR(AO24)<YEAR(TODAY()),"今年内未操作",IF(DATEDIF(AO24,$B$1,"d")>90,"最近三月未操作",IF(DATEDIF(AO24,$B$1,"d")>30,"最近一月未操作",IF(DATEDIF(AO24,$B$1,"d")>7,"最近一周未操作","-")))) -> - | AM24: =IF(AE24<0.2,"低于同行20%",IF(AE24<0.5,"低于同行50%",IF(AE24>=2,"高于同行100%",IF(AE24>=1.5,"高于同行150%",IF(AE24>=1.2,"高于同行20%",""))))) | AN24: =IF(AI24<0.2,"低于同行20%",IF(AI24<0.5,"低于同行50%",IF(AI24>=2,"高于同行100%",IF(AI24>=1.5,"高于同行150%",IF(AI24>=1.2,"高于同行20%",""))))) | AO24: =MAX(IF(M24<>"",M24,0),IF(N24<>"",N24,0),IF(O24<>"",O24,0),IF(P24<>"",P24,0),IF(Q24<>"",Q24,0)) -> 46104.386 | AP24: =IF(AND(DATEDIF(AQ24,$B$1,"d")<=14,DATEDIF(N24,$B$1,"d")>14),"未支付","") | AQ24: 45043.974
A25: =ROW()-3 -> 22 | B25: =IF(V25=0,"无交易",IF(AND(Y25<=-0.2,Z25<=-0.2,AA25<=-0.2),"连续三月交易下滑",IF(AND(Y25>=0.2,Z25>=0.2,AA25>=0.2),"连续三月交易上升",IF(AND(Y25<0.2,Y25>-0.2,Z25<0.2,Z25>-0.2,AA25<0.2,AA25>-0.2),"交易平稳",IF(OR(ABS(Y25-Z25)>=0.2,ABS(Z25-AA25)>=0.2),"交易波动较大","-"))))) -> 连续三月交易上升 | C25: =IF(AA25<=-0.5,"本月交易额降超50%",IF(AA25<=-0.2,"本月交易额降超20%","")) | D25: =IF(DATEDIF(AO25,$B$1,"d")>30,"流失",IF(AND(DATEDIF(AO25,$B$1,"d")>7,DATEDIF(AO25,$B$1,"d")<=30),"可能流失",IF(AND(DATEDIF(AO25,$B$1,"d")<=7,DATEDIF(AO25,$B$1,"d")>3),"即将流失","-"))) -> - | E25: 1625682718830641154 | F25: 45043.974 | G25: 正式版 | H25: 中西医诊所 | I25: 四川省成都市 | J25: 天府新区 | K25: 成都天府新区名居诊所 | L25: 四川省成都市天府新区 | M25: 46104.38 | N25: 46104.387 | O25: 46104.39 | P25: 46102.643 | Q25: 46104.387 | R25: 11294 | S25: 45737 | T25: 139208.56 | U25: 123058.56 | V25: 287 | W25: 1114 | X25: 3442 | Y25: 3050 | Z25: 60.636057 | AA25: 0.29502151 | AB25: -0.39268907 | AC25: -0.1798442 | AD25: =IF(AND($G25="正式版",$H25="中西医诊所"),IFERROR(R25/同类汇总数据!C$3,0),IF(AND($G25="正式版",$H25="中医诊所"),IFERROR(R25/同类汇总数据!C$4,0),IF(AND($G25="正式版",$H25="口腔诊所"),IFERROR(R25/同类汇总数据!C$5,0),IF(AND($G25="检查版",$H25="中西医诊所"),IFERROR(R25/同类汇总数据!C$6,0),IF(AND($G25="检查版",$H25="中医诊所"),IFERROR(R25/同类汇总数据!C$7,0),IF(AND($G25="检查版",$H25="口腔诊所"),IFERROR(R25/同类汇总数据!C$8,0),IF(AND($G25="互联网版",$H25="中西医诊所"),IFERROR(R25/同类汇总数据!C$9,0),IF(AND($G25="互联网版",$H25="中医诊所"),IFERROR(R25/同类汇总数据!C$10,0),IF(AND($G25="互联网版",$H25="口腔诊所"),IFERROR(R25/同类汇总数据!C$11,0)))))))))) -> 1.2340806 | AE25: =IF(AND($G25="正式版",$H25="中西医诊所"),IFERROR(S25/同类汇总数据!D$3,0),IF(AND($G25="正式版",$H25="中医诊所"),IFERROR(S25/同类汇总数据!D$4,0),IF(AND($G25="正式版",$H25="口腔诊所"),IFERROR(S25/同类汇总数据!D$5,0),IF(AND($G25="检查版",$H25="中西医诊所"),IFERROR(S25/同类汇总数据!D$6,0),IF(AND($G25="检查版",$H25="中医诊所"),IFERROR(S25/同类汇总数据!D$7,0),IF(AND($G25="检查版",$H25="口腔诊所"),IFERROR(S25/同类汇总数据!D$8,0),IF(AND($G25="互联网版",$H25="中西医诊所"),IFERROR(S25/同类汇总数据!D$9,0),IF(AND($G25="互联网版",$H25="中医诊所"),IFERROR(S25/同类汇总数据!D$10,0),IF(AND($G25="互联网版",$H25="口腔诊所"),IFERROR(S25/同类汇总数据!D$11,0)))))))))) -> 1.2536282 | AF25: =IF(AND($G25="正式版",$H25="中西医诊所"),IFERROR(T25/同类汇总数据!E$3,0),IF(AND($G25="正式版",$H25="中医诊所"),IFERROR(T25/同类汇总数据!E$4,0),IF(AND($G25="正式版",$H25="口腔诊所"),IFERROR(T25/同类汇总数据!E$5,0),IF(AND($G25="检查版",$H25="中西医诊所"),IFERROR(T25/同类汇总数据!E$6,0),IF(AND($G25="检查版",$H25="中医诊所"),IFERROR(T25/同类汇总数据!E$7,0),IF(AND($G25="检查版",$H25="口腔诊所"),IFERROR(T25/同类汇总数据!E$8,0),IF(AND($G25="互联网版",$H25="中西医诊所"),IFERROR(T25/同类汇总数据!E$9,0),IF(AND($G25="互联网版",$H25="中医诊所"),IFERROR(T25/同类汇总数据!E$10,0),IF(AND($G25="互联网版",$H25="口腔诊所"),IFERROR(T25/同类汇总数据!E$11,0)))))))))) -> 1.2757826 | AG25: =IF(AND($G25="正式版",$H25="中西医诊所"),IFERROR(U25/同类汇总数据!F$3,0),IF(AND($G25="正式版",$H25="中医诊所"),IFERROR(U25/同类汇总数据!F$4,0),IF(AND($G25="正式版",$H25="口腔诊所"),IFERROR(U25/同类汇总数据!F$5,0),IF(AND($G25="检查版",$H25="中西医诊所"),IFERROR(U25/同类汇总数据!F$6,0),IF(AND($G25="检查版",$H25="中医诊所"),IFERROR(U25/同类汇总数据!F$7,0),IF(AND($G25="检查版",$H25="口腔诊所"),IFERROR(U25/同类汇总数据!F$8,0),IF(AND($G25="互联网版",$H25="中西医诊所"),IFERROR(U25/同类汇总数据!F$9,0),IF(AND($G25="互联网版",$H25="中医诊所"),IFERROR(U25/同类汇总数据!F$10,0),IF(AND($G25="互联网版",$H25="口腔诊所"),IFERROR(U25/同类汇总数据!F$11,0)))))))))) -> 1.2828866 | AH25: =IF(AND($G25="正式版",$H25="中西医诊所"),IFERROR(V25/同类汇总数据!G$3,0),IF(AND($G25="正式版",$H25="中医诊所"),IFERROR(V25/同类汇总数据!G$4,0),IF(AND($G25="正式版",$H25="口腔诊所"),IFERROR(V25/同类汇总数据!G$5,0),IF(AND($G25="检查版",$H25="中西医诊所"),IFERROR(V25/同类汇总数据!G$6,0),IF(AND($G25="检查版",$H25="中医诊所"),IFERROR(V25/同类汇总数据!G$7,0),IF(AND($G25="检查版",$H25="口腔诊所"),IFERROR(V25/同类汇总数据!G$8,0),IF(AND($G25="互联网版",$H25="中西医诊所"),IFERROR(V25/同类汇总数据!G$9,0),IF(AND($G25="互联网版",$H25="中医诊所"),IFERROR(V25/同类汇总数据!G$10,0),IF(AND($G25="互联网版",$H25="口腔诊所"),IFERROR(V25/同类汇总数据!G$11,0)))))))))) -> 3.027391 | AI25: =IF(AND($G25="正式版",$H25="中西医诊所"),IFERROR(W25/同类汇总数据!H$3,0),IF(AND($G25="正式版",$H25="中医诊所"),IFERROR(W25/同类汇总数据!H$4,0),IF(AND($G25="正式版",$H25="口腔诊所"),IFERROR(W25/同类汇总数据!H$5,0),IF(AND($G25="检查版",$H25="中西医诊所"),IFERROR(W25/同类汇总数据!H$6,0),IF(AND($G25="检查版",$H25="中医诊所"),IFERROR(W25/同类汇总数据!H$7,0),IF(AND($G25="检查版",$H25="口腔诊所"),IFERROR(W25/同类汇总数据!H$8,0),IF(AND($G25="互联网版",$H25="中西医诊所"),IFERROR(W25/同类汇总数据!H$9,0),IF(AND($G25="互联网版",$H25="中医诊所"),IFERROR(W25/同类汇总数据!H$10,0),IF(AND($G25="互联网版",$H25="口腔诊所"),IFERROR(W25/同类汇总数据!H$11,0)))))))))) -> 3.0467926 | AJ25: =IF(AND($G25="正式版",$H25="中西医诊所"),IFERROR(X25/同类汇总数据!I$3,0),IF(AND($G25="正式版",$H25="中医诊所"),IFERROR(X25/同类汇总数据!I$4,0),IF(AND($G25="正式版",$H25="口腔诊所"),IFERROR(X25/同类汇总数据!I$5,0),IF(AND($G25="检查版",$H25="中西医诊所"),IFERROR(X25/同类汇总数据!I$6,0),IF(AND($G25="检查版",$H25="中医诊所"),IFERROR(X25/同类汇总数据!I$7,0),IF(AND($G25="检查版",$H25="口腔诊所"),IFERROR(X25/同类汇总数据!I$8,0),IF(AND($G25="互联网版",$H25="中西医诊所"),IFERROR(X25/同类汇总数据!I$9,0),IF(AND($G25="互联网版",$H25="中医诊所"),IFERROR(X25/同类汇总数据!I$10,0),IF(AND($G25="互联网版",$H25="口腔诊所"),IFERROR(X25/同类汇总数据!I$11,0)))))))))) -> 3.043567 | AK25: =IF(AND($G25="正式版",$H25="中西医诊所"),IFERROR(Y25/同类汇总数据!J$3,0),IF(AND($G25="正式版",$H25="中医诊所"),IFERROR(Y25/同类汇总数据!J$4,0),IF(AND($G25="正式版",$H25="口腔诊所"),IFERROR(Y25/同类汇总数据!J$5,0),IF(AND($G25="检查版",$H25="中西医诊所"),IFERROR(Y25/同类汇总数据!J$6,0),IF(AND($G25="检查版",$H25="中医诊所"),IFERROR(Y25/同类汇总数据!J$7,0),IF(AND($G25="检查版",$H25="口腔诊所"),IFERROR(Y25/同类汇总数据!J$8,0),IF(AND($G25="互联网版",$H25="中西医诊所"),IFERROR(Y25/同类汇总数据!J$9,0),IF(AND($G25="互联网版",$H25="中医诊所"),IFERROR(Y25/同类汇总数据!J$10,0),IF(AND($G25="互联网版",$H25="口腔诊所"),IFERROR(Y25/同类汇总数据!J$11,0)))))))))) -> 3.0476155 | AL25: =IF(YEAR(AO25)<YEAR(TODAY()),"今年内未操作",IF(DATEDIF(AO25,$B$1,"d")>90,"最近三月未操作",IF(DATEDIF(AO25,$B$1,"d")>30,"最近一月未操作",IF(DATEDIF(AO25,$B$1,"d")>7,"最近一周未操作","-")))) -> - | AM25: =IF(AE25<0.2,"低于同行20%",IF(AE25<0.5,"低于同行50%",IF(AE25>=2,"高于同行100%",IF(AE25>=1.5,"高于同行150%",IF(AE25>=1.2,"高于同行20%",""))))) -> 高于同行20% | AN25: =IF(AI25<0.2,"低于同行20%",IF(AI25<0.5,"低于同行50%",IF(AI25>=2,"高于同行100%",IF(AI25>=1.5,"高于同行150%",IF(AI25>=1.2,"高于同行20%",""))))) -> 高于同行100% | AO25: =MAX(IF(M25<>"",M25,0),IF(N25<>"",N25,0),IF(O25<>"",O25,0),IF(P25<>"",P25,0),IF(Q25<>"",Q25,0)) -> 46104.39 | AP25: =IF(AND(DATEDIF(AQ25,$B$1,"d")<=14,DATEDIF(N25,$B$1,"d")>14),"未支付","") | AQ25: 45043.974
A26: =ROW()-3 -> 23 | B26: =IF(V26=0,"无交易",IF(AND(Y26<=-0.2,Z26<=-0.2,AA26<=-0.2),"连续三月交易下滑",IF(AND(Y26>=0.2,Z26>=0.2,AA26>=0.2),"连续三月交易上升",IF(AND(Y26<0.2,Y26>-0.2,Z26<0.2,Z26>-0.2,AA26<0.2,AA26>-0.2),"交易平稳",IF(OR(ABS(Y26-Z26)>=0.2,ABS(Z26-AA26)>=0.2),"交易波动较大","-"))))) -> 连续三月交易上升 | C26: =IF(AA26<=-0.5,"本月交易额降超50%",IF(AA26<=-0.2,"本月交易额降超20%","")) | D26: =IF(DATEDIF(AO26,$B$1,"d")>30,"流失",IF(AND(DATEDIF(AO26,$B$1,"d")>7,DATEDIF(AO26,$B$1,"d")<=30),"可能流失",IF(AND(DATEDIF(AO26,$B$1,"d")<=7,DATEDIF(AO26,$B$1,"d")>3),"即将流失","-"))) -> - | E26: 1625693293543440386 | F26: 45043.974 | G26: 正式版 | H26: 中西医诊所 | I26: 四川省成都市 | J26: 天府新区 | K26: 成都天府新区录云诊所有限公司 | L26: 四川省成都市天府新区 | M26: 46104.364 | N26: 46103.875 | O26: 46104.386 | P26: 46103.391 | Q26: 46103.875 | R26: 2936.3 | S26: 16774 | T26: 49290.2 | U26: 42977.5 | V26: 82 | W26: 441 | X26: 1227 | Y26: 1063 | Z26: 60.024441 | AA26: 0.48527914 | AB26: -0.46785753 | AC26: -0.088160484 | AD26: =IF(AND($G26="正式版",$H26="中西医诊所"),IFERROR(R26/同类汇总数据!C$3,0),IF(AND($G26="正式版",$H26="中医诊所"),IFERROR(R26/同类汇总数据!C$4,0),IF(AND($G26="正式版",$H26="口腔诊所"),IFERROR(R26/同类汇总数据!C$5,0),IF(AND($G26="检查版",$H26="中西医诊所"),IFERROR(R26/同类汇总数据!C$6,0),IF(AND($G26="检查版",$H26="中医诊所"),IFERROR(R26/同类汇总数据!C$7,0),IF(AND($G26="检查版",$H26="口腔诊所"),IFERROR(R26/同类汇总数据!C$8,0),IF(AND($G26="互联网版",$H26="中西医诊所"),IFERROR(R26/同类汇总数据!C$9,0),IF(AND($G26="互联网版",$H26="中医诊所"),IFERROR(R26/同类汇总数据!C$10,0),IF(AND($G26="互联网版",$H26="口腔诊所"),IFERROR(R26/同类汇总数据!C$11,0)))))))))) -> 0.32084567 | AE26: =IF(AND($G26="正式版",$H26="中西医诊所"),IFERROR(S26/同类汇总数据!D$3,0),IF(AND($G26="正式版",$H26="中医诊所"),IFERROR(S26/同类汇总数据!D$4,0),IF(AND($G26="正式版",$H26="口腔诊所"),IFERROR(S26/同类汇总数据!D$5,0),IF(AND($G26="检查版",$H26="中西医诊所"),IFERROR(S26/同类汇总数据!D$6,0),IF(AND($G26="检查版",$H26="中医诊所"),IFERROR(S26/同类汇总数据!D$7,0),IF(AND($G26="检查版",$H26="口腔诊所"),IFERROR(S26/同类汇总数据!D$8,0),IF(AND($G26="互联网版",$H26="中西医诊所"),IFERROR(S26/同类汇总数据!D$9,0),IF(AND($G26="互联网版",$H26="中医诊所"),IFERROR(S26/同类汇总数据!D$10,0),IF(AND($G26="互联网版",$H26="口腔诊所"),IFERROR(S26/同类汇总数据!D$11,0)))))))))) -> 0.45976691 | AF26: =IF(AND($G26="正式版",$H26="中西医诊所"),IFERROR(T26/同类汇总数据!E$3,0),IF(AND($G26="正式版",$H26="中医诊所"),IFERROR(T26/同类汇总数据!E$4,0),IF(AND($G26="正式版",$H26="口腔诊所"),IFERROR(T26/同类汇总数据!E$5,0),IF(AND($G26="检查版",$H26="中西医诊所"),IFERROR(T26/同类汇总数据!E$6,0),IF(AND($G26="检查版",$H26="中医诊所"),IFERROR(T26/同类汇总数据!E$7,0),IF(AND($G26="检查版",$H26="口腔诊所"),IFERROR(T26/同类汇总数据!E$8,0),IF(AND($G26="互联网版",$H26="中西医诊所"),IFERROR(T26/同类汇总数据!E$9,0),IF(AND($G26="互联网版",$H26="中医诊所"),IFERROR(T26/同类汇总数据!E$10,0),IF(AND($G26="互联网版",$H26="口腔诊所"),IFERROR(T26/同类汇总数据!E$11,0)))))))))) -> 0.45172209 | AG26: =IF(AND($G26="正式版",$H26="中西医诊所"),IFERROR(U26/同类汇总数据!F$3,0),IF(AND($G26="正式版",$H26="中医诊所"),IFERROR(U26/同类汇总数据!F$4,0),IF(AND($G26="正式版",$H26="口腔诊所"),IFERROR(U26/同类汇总数据!F$5,0),IF(AND($G26="检查版",$H26="中西医诊所"),IFERROR(U26/同类汇总数据!F$6,0),IF(AND($G26="检查版",$H26="中医诊所"),IFERROR(U26/同类汇总数据!F$7,0),IF(AND($G26="检查版",$H26="口腔诊所"),IFERROR(U26/同类汇总数据!F$8,0),IF(AND($G26="互联网版",$H26="中西医诊所"),IFERROR(U26/同类汇总数据!F$9,0),IF(AND($G26="互联网版",$H26="中医诊所"),IFERROR(U26/同类汇总数据!F$10,0),IF(AND($G26="互联网版",$H26="口腔诊所"),IFERROR(U26/同类汇总数据!F$11,0)))))))))) -> 0.44804082 | AH26: =IF(AND($G26="正式版",$H26="中西医诊所"),IFERROR(V26/同类汇总数据!G$3,0),IF(AND($G26="正式版",$H26="中医诊所"),IFERROR(V26/同类汇总数据!G$4,0),IF(AND($G26="正式版",$H26="口腔诊所"),IFERROR(V26/同类汇总数据!G$5,0),IF(AND($G26="检查版",$H26="中西医诊所"),IFERROR(V26/同类汇总数据!G$6,0),IF(AND($G26="检查版",$H26="中医诊所"),IFERROR(V26/同类汇总数据!G$7,0),IF(AND($G26="检查版",$H26="口腔诊所"),IFERROR(V26/同类汇总数据!G$8,0),IF(AND($G26="互联网版",$H26="中西医诊所"),IFERROR(V26/同类汇总数据!G$9,0),IF(AND($G26="互联网版",$H26="中医诊所"),IFERROR(V26/同类汇总数据!G$10,0),IF(AND($G26="互联网版",$H26="口腔诊所"),IFERROR(V26/同类汇总数据!G$11,0)))))))))) -> 0.86496887 | AI26: =IF(AND($G26="正式版",$H26="中西医诊所"),IFERROR(W26/同类汇总数据!H$3,0),IF(AND($G26="正式版",$H26="中医诊所"),IFERROR(W26/同类汇总数据!H$4,0),IF(AND($G26="正式版",$H26="口腔诊所"),IFERROR(W26/同类汇总数据!H$5,0),IF(AND($G26="检查版",$H26="中西医诊所"),IFERROR(W26/同类汇总数据!H$6,0),IF(AND($G26="检查版",$H26="中医诊所"),IFERROR(W26/同类汇总数据!H$7,0),IF(AND($G26="检查版",$H26="口腔诊所"),IFERROR(W26/同类汇总数据!H$8,0),IF(AND($G26="互联网版",$H26="中西医诊所"),IFERROR(W26/同类汇总数据!H$9,0),IF(AND($G26="互联网版",$H26="中医诊所"),IFERROR(W26/同类汇总数据!H$10,0),IF(AND($G26="互联网版",$H26="口腔诊所"),IFERROR(W26/同类汇总数据!H$11,0)))))))))) -> 1.206136 | AJ26: =IF(AND($G26="正式版",$H26="中西医诊所"),IFERROR(X26/同类汇总数据!I$3,0),IF(AND($G26="正式版",$H26="中医诊所"),IFERROR(X26/同类汇总数据!I$4,0),IF(AND($G26="正式版",$H26="口腔诊所"),IFERROR(X26/同类汇总数据!I$5,0),IF(AND($G26="检查版",$H26="中西医诊所"),IFERROR(X26/同类汇总数据!I$6,0),IF(AND($G26="检查版",$H26="中医诊所"),IFERROR(X26/同类汇总数据!I$7,0),IF(AND($G26="检查版",$H26="口腔诊所"),IFERROR(X26/同类汇总数据!I$8,0),IF(AND($G26="互联网版",$H26="中西医诊所"),IFERROR(X26/同类汇总数据!I$9,0),IF(AND($G26="互联网版",$H26="中医诊所"),IFERROR(X26/同类汇总数据!I$10,0),IF(AND($G26="互联网版",$H26="口腔诊所"),IFERROR(X26/同类汇总数据!I$11,0)))))))))) -> 1.0849671 | AK26: =IF(AND($G26="正式版",$H26="中西医诊所"),IFERROR(Y26/同类汇总数据!J$3,0),IF(AND($G26="正式版",$H26="中医诊所"),IFERROR(Y26/同类汇总数据!J$4,0),IF(AND($G26="正式版",$H26="口腔诊所"),IFERROR(Y26/同类汇总数据!J$5,0),IF(AND($G26="检查版",$H26="中西医诊所"),IFERROR(Y26/同类汇总数据!J$6,0),IF(AND($G26="检查版",$H26="中医诊所"),IFERROR(Y26/同类汇总数据!J$7,0),IF(AND($G26="检查版",$H26="口腔诊所"),IFERROR(Y26/同类汇总数据!J$8,0),IF(AND($G26="互联网版",$H26="中西医诊所"),IFERROR(Y26/同类汇总数据!J$9,0),IF(AND($G26="互联网版",$H26="中医诊所"),IFERROR(Y26/同类汇总数据!J$10,0),IF(AND($G26="互联网版",$H26="口腔诊所"),IFERROR(Y26/同类汇总数据!J$11,0)))))))))) -> 1.062169 | AL26: =IF(YEAR(AO26)<YEAR(TODAY()),"今年内未操作",IF(DATEDIF(AO26,$B$1,"d")>90,"最近三月未操作",IF(DATEDIF(AO26,$B$1,"d")>30,"最近一月未操作",IF(DATEDIF(AO26,$B$1,"d")>7,"最近一周未操作","-")))) -> - | AM26: =IF(AE26<0.2,"低于同行20%",IF(AE26<0.5,"低于同行50%",IF(AE26>=2,"高于同行100%",IF(AE26>=1.5,"高于同行150%",IF(AE26>=1.2,"高于同行20%",""))))) -> 低于同行50% | AN26: =IF(AI26<0.2,"低于同行20%",IF(AI26<0.5,"低于同行50%",IF(AI26>=2,"高于同行100%",IF(AI26>=1.5,"高于同行150%",IF(AI26>=1.2,"高于同行20%",""))))) -> 高于同行20% | AO26: =MAX(IF(M26<>"",M26,0),IF(N26<>"",N26,0),IF(O26<>"",O26,0),IF(P26<>"",P26,0),IF(Q26<>"",Q26,0)) -> 46104.386 | AP26: =IF(AND(DATEDIF(AQ26,$B$1,"d")<=14,DATEDIF(N26,$B$1,"d")>14),"未支付","") | AQ26: 45043.974
A27: =ROW()-3 -> 24 | B27: =IF(V27=0,"无交易",IF(AND(Y27<=-0.2,Z27<=-0.2,AA27<=-0.2),"连续三月交易下滑",IF(AND(Y27>=0.2,Z27>=0.2,AA27>=0.2),"连续三月交易上升",IF(AND(Y27<0.2,Y27>-0.2,Z27<0.2,Z27>-0.2,AA27<0.2,AA27>-0.2),"交易平稳",IF(OR(ABS(Y27-Z27)>=0.2,ABS(Z27-AA27)>=0.2),"交易波动较大","-"))))) -> 交易波动较大 | C27: =IF(AA27<=-0.5,"本月交易额降超50%",IF(AA27<=-0.2,"本月交易额降超20%","")) | D27: =IF(DATEDIF(AO27,$B$1,"d")>30,"流失",IF(AND(DATEDIF(AO27,$B$1,"d")>7,DATEDIF(AO27,$B$1,"d")<=30),"可能流失",IF(AND(DATEDIF(AO27,$B$1,"d")<=7,DATEDIF(AO27,$B$1,"d")>3),"即将流失","-"))) -> - | E27: 1627496151064535042 | F27: 45043.974 | G27: 正式版 | H27: 中西医诊所 | I27: 四川省成都市 | J27: 龙泉驿区 | K27: 龙泉驿区大面街办楠博中西医结合诊所 | L27: 四川省成都市龙泉驿区 | M27: 46104.329 | N27: 46104.398 | O27: 46104.394 | P27: 46102.837 | Q27: 46104.398 | R27: 20636.3 | S27: 73767.98 | T27: 240796.58 | U27: 211522.68 | V27: 275 | W27: 968 | X27: 3182 | Y27: 2812 | Z27: 157.3718 | AA27: 0.07578349 | AB27: -0.30354103 | AC27: -0.02070347 | AD27: =IF(AND($G27="正式版",$H27="中西医诊所"),IFERROR(R27/同类汇总数据!C$3,0),IF(AND($G27="正式版",$H27="中医诊所"),IFERROR(R27/同类汇总数据!C$4,0),IF(AND($G27="正式版",$H27="口腔诊所"),IFERROR(R27/同类汇总数据!C$5,0),IF(AND($G27="检查版",$H27="中西医诊所"),IFERROR(R27/同类汇总数据!C$6,0),IF(AND($G27="检查版",$H27="中医诊所"),IFERROR(R27/同类汇总数据!C$7,0),IF(AND($G27="检查版",$H27="口腔诊所"),IFERROR(R27/同类汇总数据!C$8,0),IF(AND($G27="互联网版",$H27="中西医诊所"),IFERROR(R27/同类汇总数据!C$9,0),IF(AND($G27="互联网版",$H27="中医诊所"),IFERROR(R27/同类汇总数据!C$10,0),IF(AND($G27="互联网版",$H27="口腔诊所"),IFERROR(R27/同类汇总数据!C$11,0)))))))))) -> 2.2549016 | AE27: =IF(AND($G27="正式版",$H27="中西医诊所"),IFERROR(S27/同类汇总数据!D$3,0),IF(AND($G27="正式版",$H27="中医诊所"),IFERROR(S27/同类汇总数据!D$4,0),IF(AND($G27="正式版",$H27="口腔诊所"),IFERROR(S27/同类汇总数据!D$5,0),IF(AND($G27="检查版",$H27="中西医诊所"),IFERROR(S27/同类汇总数据!D$6,0),IF(AND($G27="检查版",$H27="中医诊所"),IFERROR(S27/同类汇总数据!D$7,0),IF(AND($G27="检查版",$H27="口腔诊所"),IFERROR(S27/同类汇总数据!D$8,0),IF(AND($G27="互联网版",$H27="中西医诊所"),IFERROR(S27/同类汇总数据!D$9,0),IF(AND($G27="互联网版",$H27="中医诊所"),IFERROR(S27/同类汇总数据!D$10,0),IF(AND($G27="互联网版",$H27="口腔诊所"),IFERROR(S27/同类汇总数据!D$11,0)))))))))) -> 2.0219432 | AF27: =IF(AND($G27="正式版",$H27="中西医诊所"),IFERROR(T27/同类汇总数据!E$3,0),IF(AND($G27="正式版",$H27="中医诊所"),IFERROR(T27/同类汇总数据!E$4,0),IF(AND($G27="正式版",$H27="口腔诊所"),IFERROR(T27/同类汇总数据!E$5,0),IF(AND($G27="检查版",$H27="中西医诊所"),IFERROR(T27/同类汇总数据!E$6,0),IF(AND($G27="检查版",$H27="中医诊所"),IFERROR(T27/同类汇总数据!E$7,0),IF(AND($G27="检查版",$H27="口腔诊所"),IFERROR(T27/同类汇总数据!E$8,0),IF(AND($G27="互联网版",$H27="中西医诊所"),IFERROR(T27/同类汇总数据!E$9,0),IF(AND($G27="互联网版",$H27="中医诊所"),IFERROR(T27/同类汇总数据!E$10,0),IF(AND($G27="互联网版",$H27="口腔诊所"),IFERROR(T27/同类汇总数据!E$11,0)))))))))) -> 2.2067903 | AG27: =IF(AND($G27="正式版",$H27="中西医诊所"),IFERROR(U27/同类汇总数据!F$3,0),IF(AND($G27="正式版",$H27="中医诊所"),IFERROR(U27/同类汇总数据!F$4,0),IF(AND($G27="正式版",$H27="口腔诊所"),IFERROR(U27/同类汇总数据!F$5,0),IF(AND($G27="检查版",$H27="中西医诊所"),IFERROR(U27/同类汇总数据!F$6,0),IF(AND($G27="检查版",$H27="中医诊所"),IFERROR(U27/同类汇总数据!F$7,0),IF(AND($G27="检查版",$H27="口腔诊所"),IFERROR(U27/同类汇总数据!F$8,0),IF(AND($G27="互联网版",$H27="中西医诊所"),IFERROR(U27/同类汇总数据!F$9,0),IF(AND($G27="互联网版",$H27="中医诊所"),IFERROR(U27/同类汇总数据!F$10,0),IF(AND($G27="互联网版",$H27="口腔诊所"),IFERROR(U27/同类汇总数据!F$11,0)))))))))) -> 2.2051258 | AH27: =IF(AND($G27="正式版",$H27="中西医诊所"),IFERROR(V27/同类汇总数据!G$3,0),IF(AND($G27="正式版",$H27="中医诊所"),IFERROR(V27/同类汇总数据!G$4,0),IF(AND($G27="正式版",$H27="口腔诊所"),IFERROR(V27/同类汇总数据!G$5,0),IF(AND($G27="检查版",$H27="中西医诊所"),IFERROR(V27/同类汇总数据!G$6,0),IF(AND($G27="检查版",$H27="中医诊所"),IFERROR(V27/同类汇总数据!G$7,0),IF(AND($G27="检查版",$H27="口腔诊所"),IFERROR(V27/同类汇总数据!G$8,0),IF(AND($G27="互联网版",$H27="中西医诊所"),IFERROR(V27/同类汇总数据!G$9,0),IF(AND($G27="互联网版",$H27="中医诊所"),IFERROR(V27/同类汇总数据!G$10,0),IF(AND($G27="互联网版",$H27="口腔诊所"),IFERROR(V27/同类汇总数据!G$11,0)))))))))) -> 2.9008102 | AI27: =IF(AND($G27="正式版",$H27="中西医诊所"),IFERROR(W27/同类汇总数据!H$3,0),IF(AND($G27="正式版",$H27="中医诊所"),IFERROR(W27/同类汇总数据!H$4,0),IF(AND($G27="正式版",$H27="口腔诊所"),IFERROR(W27/同类汇总数据!H$5,0),IF(AND($G27="检查版",$H27="中西医诊所"),IFERROR(W27/同类汇总数据!H$6,0),IF(AND($G27="检查版",$H27="中医诊所"),IFERROR(W27/同类汇总数据!H$7,0),IF(AND($G27="检查版",$H27="口腔诊所"),IFERROR(W27/同类汇总数据!H$8,0),IF(AND($G27="互联网版",$H27="中西医诊所"),IFERROR(W27/同类汇总数据!H$9,0),IF(AND($G27="互联网版",$H27="中医诊所"),IFERROR(W27/同类汇总数据!H$10,0),IF(AND($G27="互联网版",$H27="口腔诊所"),IFERROR(W27/同类汇总数据!H$11,0)))))))))) -> 2.6474823 | AJ27: =IF(AND($G27="正式版",$H27="中西医诊所"),IFERROR(X27/同类汇总数据!I$3,0),IF(AND($G27="正式版",$H27="中医诊所"),IFERROR(X27/同类汇总数据!I$4,0),IF(AND($G27="正式版",$H27="口腔诊所"),IFERROR(X27/同类汇总数据!I$5,0),IF(AND($G27="检查版",$H27="中西医诊所"),IFERROR(X27/同类汇总数据!I$6,0),IF(AND($G27="检查版",$H27="中医诊所"),IFERROR(X27/同类汇总数据!I$7,0),IF(AND($G27="检查版",$H27="口腔诊所"),IFERROR(X27/同类汇总数据!I$8,0),IF(AND($G27="互联网版",$H27="中西医诊所"),IFERROR(X27/同类汇总数据!I$9,0),IF(AND($G27="互联网版",$H27="中医诊所"),IFERROR(X27/同类汇总数据!I$10,0),IF(AND($G27="互联网版",$H27="口腔诊所"),IFERROR(X27/同类汇总数据!I$11,0)))))))))) -> 2.8136636 | AK27: =IF(AND($G27="正式版",$H27="中西医诊所"),IFERROR(Y27/同类汇总数据!J$3,0),IF(AND($G27="正式版",$H27="中医诊所"),IFERROR(Y27/同类汇总数据!J$4,0),IF(AND($G27="正式版",$H27="口腔诊所"),IFERROR(Y27/同类汇总数据!J$5,0),IF(AND($G27="检查版",$H27="中西医诊所"),IFERROR(Y27/同类汇总数据!J$6,0),IF(AND($G27="检查版",$H27="中医诊所"),IFERROR(Y27/同类汇总数据!J$7,0),IF(AND($G27="检查版",$H27="口腔诊所"),IFERROR(Y27/同类汇总数据!J$8,0),IF(AND($G27="互联网版",$H27="中西医诊所"),IFERROR(Y27/同类汇总数据!J$9,0),IF(AND($G27="互联网版",$H27="中医诊所"),IFERROR(Y27/同类汇总数据!J$10,0),IF(AND($G27="互联网版",$H27="口腔诊所"),IFERROR(Y27/同类汇总数据!J$11,0)))))))))) -> 2.8098016 | AL27: =IF(YEAR(AO27)<YEAR(TODAY()),"今年内未操作",IF(DATEDIF(AO27,$B$1,"d")>90,"最近三月未操作",IF(DATEDIF(AO27,$B$1,"d")>30,"最近一月未操作",IF(DATEDIF(AO27,$B$1,"d")>7,"最近一周未操作","-")))) -> - | AM27: =IF(AE27<0.2,"低于同行20%",IF(AE27<0.5,"低于同行50%",IF(AE27>=2,"高于同行100%",IF(AE27>=1.5,"高于同行150%",IF(AE27>=1.2,"高于同行20%",""))))) -> 高于同行100% | AN27: =IF(AI27<0.2,"低于同行20%",IF(AI27<0.5,"低于同行50%",IF(AI27>=2,"高于同行100%",IF(AI27>=1.5,"高于同行150%",IF(AI27>=1.2,"高于同行20%",""))))) -> 高于同行100% | AO27: =MAX(IF(M27<>"",M27,0),IF(N27<>"",N27,0),IF(O27<>"",O27,0),IF(P27<>"",P27,0),IF(Q27<>"",Q27,0)) -> 46104.398 | AP27: =IF(AND(DATEDIF(AQ27,$B$1,"d")<=14,DATEDIF(N27,$B$1,"d")>14),"未支付","") | AQ27: 45043.974
A28: =ROW()-3 -> 25 | B28: =IF(V28=0,"无交易",IF(AND(Y28<=-0.2,Z28<=-0.2,AA28<=-0.2),"连续三月交易下滑",IF(AND(Y28>=0.2,Z28>=0.2,AA28>=0.2),"连续三月交易上升",IF(AND(Y28<0.2,Y28>-0.2,Z28<0.2,Z28>-0.2,AA28<0.2,AA28>-0.2),"交易平稳",IF(OR(ABS(Y28-Z28)>=0.2,ABS(Z28-AA28)>=0.2),"交易波动较大","-"))))) -> 交易波动较大 | C28: =IF(AA28<=-0.5,"本月交易额降超50%",IF(AA28<=-0.2,"本月交易额降超20%","")) | D28: =IF(DATEDIF(AO28,$B$1,"d")>30,"流失",IF(AND(DATEDIF(AO28,$B$1,"d")>7,DATEDIF(AO28,$B$1,"d")<=30),"可能流失",IF(AND(DATEDIF(AO28,$B$1,"d")<=7,DATEDIF(AO28,$B$1,"d")>3),"即将流失","-"))) -> - | E28: 1628226877315665921 | F28: 45043.974 | G28: 正式版 | H28: 中西医诊所 | I28: 四川省成都市 | J28: 天府新区 | K28: 成都天府新区聚福堂诊所有限公司 | L28: 四川省成都市天府新区 | M28: 46104.343 | N28: 46103.668 | O28: 46103.666 | P28: 46100.627 | Q28: 46103.668 | R28: 6577 | S28: 25701.35 | T28: 66971.65 | U28: 62809.65 | V28: 35 | W28: 142 | X28: 486 | Y28: 439 | Z28: 200.03073 | AA28: 0.020386813 | AB28: 0.56616996 | AC28: -0.34483299 | AD28: =IF(AND($G28="正式版",$H28="中西医诊所"),IFERROR(R28/同类汇总数据!C$3,0),IF(AND($G28="正式版",$H28="中医诊所"),IFERROR(R28/同类汇总数据!C$4,0),IF(AND($G28="正式版",$H28="口腔诊所"),IFERROR(R28/同类汇总数据!C$5,0),IF(AND($G28="检查版",$H28="中西医诊所"),IFERROR(R28/同类汇总数据!C$6,0),IF(AND($G28="检查版",$H28="中医诊所"),IFERROR(R28/同类汇总数据!C$7,0),IF(AND($G28="检查版",$H28="口腔诊所"),IFERROR(R28/同类汇总数据!C$8,0),IF(AND($G28="互联网版",$H28="中西医诊所"),IFERROR(R28/同类汇总数据!C$9,0),IF(AND($G28="互联网版",$H28="中医诊所"),IFERROR(R28/同类汇总数据!C$10,0),IF(AND($G28="互联网版",$H28="口腔诊所"),IFERROR(R28/同类汇总数据!C$11,0)))))))))) -> 0.71866021 | AE28: =IF(AND($G28="正式版",$H28="中西医诊所"),IFERROR(S28/同类汇总数据!D$3,0),IF(AND($G28="正式版",$H28="中医诊所"),IFERROR(S28/同类汇总数据!D$4,0),IF(AND($G28="正式版",$H28="口腔诊所"),IFERROR(S28/同类汇总数据!D$5,0),IF(AND($G28="检查版",$H28="中西医诊所"),IFERROR(S28/同类汇总数据!D$6,0),IF(AND($G28="检查版",$H28="中医诊所"),IFERROR(S28/同类汇总数据!D$7,0),IF(AND($G28="检查版",$H28="口腔诊所"),IFERROR(S28/同类汇总数据!D$8,0),IF(AND($G28="互联网版",$H28="中西医诊所"),IFERROR(S28/同类汇总数据!D$9,0),IF(AND($G28="互联网版",$H28="中医诊所"),IFERROR(S28/同类汇总数据!D$10,0),IF(AND($G28="互联网版",$H28="口腔诊所"),IFERROR(S28/同类汇总数据!D$11,0)))))))))) -> 0.70446108 | AF28: =IF(AND($G28="正式版",$H28="中西医诊所"),IFERROR(T28/同类汇总数据!E$3,0),IF(AND($G28="正式版",$H28="中医诊所"),IFERROR(T28/同类汇总数据!E$4,0),IF(AND($G28="正式版",$H28="口腔诊所"),IFERROR(T28/同类汇总数据!E$5,0),IF(AND($G28="检查版",$H28="中西医诊所"),IFERROR(T28/同类汇总数据!E$6,0),IF(AND($G28="检查版",$H28="中医诊所"),IFERROR(T28/同类汇总数据!E$7,0),IF(AND($G28="检查版",$H28="口腔诊所"),IFERROR(T28/同类汇总数据!E$8,0),IF(AND($G28="互联网版",$H28="中西医诊所"),IFERROR(T28/同类汇总数据!E$9,0),IF(AND($G28="互联网版",$H28="中医诊所"),IFERROR(T28/同类汇总数据!E$10,0),IF(AND($G28="互联网版",$H28="口腔诊所"),IFERROR(T28/同类汇总数据!E$11,0)))))))))) -> 0.61376447 | AG28: =IF(AND($G28="正式版",$H28="中西医诊所"),IFERROR(U28/同类汇总数据!F$3,0),IF(AND($G28="正式版",$H28="中医诊所"),IFERROR(U28/同类汇总数据!F$4,0),IF(AND($G28="正式版",$H28="口腔诊所"),IFERROR(U28/同类汇总数据!F$5,0),IF(AND($G28="检查版",$H28="中西医诊所"),IFERROR(U28/同类汇总数据!F$6,0),IF(AND($G28="检查版",$H28="中医诊所"),IFERROR(U28/同类汇总数据!F$7,0),IF(AND($G28="检查版",$H28="口腔诊所"),IFERROR(U28/同类汇总数据!F$8,0),IF(AND($G28="互联网版",$H28="中西医诊所"),IFERROR(U28/同类汇总数据!F$9,0),IF(AND($G28="互联网版",$H28="中医诊所"),IFERROR(U28/同类汇总数据!F$10,0),IF(AND($G28="互联网版",$H28="口腔诊所"),IFERROR(U28/同类汇总数据!F$11,0)))))))))) -> 0.65479116 | AH28: =IF(AND($G28="正式版",$H28="中西医诊所"),IFERROR(V28/同类汇总数据!G$3,0),IF(AND($G28="正式版",$H28="中医诊所"),IFERROR(V28/同类汇总数据!G$4,0),IF(AND($G28="正式版",$H28="口腔诊所"),IFERROR(V28/同类汇总数据!G$5,0),IF(AND($G28="检查版",$H28="中西医诊所"),IFERROR(V28/同类汇总数据!G$6,0),IF(AND($G28="检查版",$H28="中医诊所"),IFERROR(V28/同类汇总数据!G$7,0),IF(AND($G28="检查版",$H28="口腔诊所"),IFERROR(V28/同类汇总数据!G$8,0),IF(AND($G28="互联网版",$H28="中西医诊所"),IFERROR(V28/同类汇总数据!G$9,0),IF(AND($G28="互联网版",$H28="中医诊所"),IFERROR(V28/同类汇总数据!G$10,0),IF(AND($G28="互联网版",$H28="口腔诊所"),IFERROR(V28/同类汇总数据!G$11,0)))))))))) -> 0.36919403 | AI28: =IF(AND($G28="正式版",$H28="中西医诊所"),IFERROR(W28/同类汇总数据!H$3,0),IF(AND($G28="正式版",$H28="中医诊所"),IFERROR(W28/同类汇总数据!H$4,0),IF(AND($G28="正式版",$H28="口腔诊所"),IFERROR(W28/同类汇总数据!H$5,0),IF(AND($G28="检查版",$H28="中西医诊所"),IFERROR(W28/同类汇总数据!H$6,0),IF(AND($G28="检查版",$H28="中医诊所"),IFERROR(W28/同类汇总数据!H$7,0),IF(AND($G28="检查版",$H28="口腔诊所"),IFERROR(W28/同类汇总数据!H$8,0),IF(AND($G28="互联网版",$H28="中西医诊所"),IFERROR(W28/同类汇总数据!H$9,0),IF(AND($G28="互联网版",$H28="中医诊所"),IFERROR(W28/同类汇总数据!H$10,0),IF(AND($G28="互联网版",$H28="口腔诊所"),IFERROR(W28/同类汇总数据!H$11,0)))))))))) -> 0.38837033 | AJ28: =IF(AND($G28="正式版",$H28="中西医诊所"),IFERROR(X28/同类汇总数据!I$3,0),IF(AND($G28="正式版",$H28="中医诊所"),IFERROR(X28/同类汇总数据!I$4,0),IF(AND($G28="正式版",$H28="口腔诊所"),IFERROR(X28/同类汇总数据!I$5,0),IF(AND($G28="检查版",$H28="中西医诊所"),IFERROR(X28/同类汇总数据!I$6,0),IF(AND($G28="检查版",$H28="中医诊所"),IFERROR(X28/同类汇总数据!I$7,0),IF(AND($G28="检查版",$H28="口腔诊所"),IFERROR(X28/同类汇总数据!I$8,0),IF(AND($G28="互联网版",$H28="中西医诊所"),IFERROR(X28/同类汇总数据!I$9,0),IF(AND($G28="互联网版",$H28="中医诊所"),IFERROR(X28/同类汇总数据!I$10,0),IF(AND($G28="互联网版",$H28="口腔诊所"),IFERROR(X28/同类汇总数据!I$11,0)))))))))) -> 0.42974246 | AK28: =IF(AND($G28="正式版",$H28="中西医诊所"),IFERROR(Y28/同类汇总数据!J$3,0),IF(AND($G28="正式版",$H28="中医诊所"),IFERROR(Y28/同类汇总数据!J$4,0),IF(AND($G28="正式版",$H28="口腔诊所"),IFERROR(Y28/同类汇总数据!J$5,0),IF(AND($G28="检查版",$H28="中西医诊所"),IFERROR(Y28/同类汇总数据!J$6,0),IF(AND($G28="检查版",$H28="中医诊所"),IFERROR(Y28/同类汇总数据!J$7,0),IF(AND($G28="检查版",$H28="口腔诊所"),IFERROR(Y28/同类汇总数据!J$8,0),IF(AND($G28="互联网版",$H28="中西医诊所"),IFERROR(Y28/同类汇总数据!J$9,0),IF(AND($G28="互联网版",$H28="中医诊所"),IFERROR(Y28/同类汇总数据!J$10,0),IF(AND($G28="互联网版",$H28="口腔诊所"),IFERROR(Y28/同类汇总数据!J$11,0)))))))))) -> 0.43865679 | AL28: =IF(YEAR(AO28)<YEAR(TODAY()),"今年内未操作",IF(DATEDIF(AO28,$B$1,"d")>90,"最近三月未操作",IF(DATEDIF(AO28,$B$1,"d")>30,"最近一月未操作",IF(DATEDIF(AO28,$B$1,"d")>7,"最近一周未操作","-")))) -> - | AM28: =IF(AE28<0.2,"低于同行20%",IF(AE28<0.5,"低于同行50%",IF(AE28>=2,"高于同行100%",IF(AE28>=1.5,"高于同行150%",IF(AE28>=1.2,"高于同行20%",""))))) | AN28: =IF(AI28<0.2,"低于同行20%",IF(AI28<0.5,"低于同行50%",IF(AI28>=2,"高于同行100%",IF(AI28>=1.5,"高于同行150%",IF(AI28>=1.2,"高于同行20%",""))))) -> 低于同行50% | AO28: =MAX(IF(M28<>"",M28,0),IF(N28<>"",N28,0),IF(O28<>"",O28,0),IF(P28<>"",P28,0),IF(Q28<>"",Q28,0)) -> 46104.343 | AP28: =IF(AND(DATEDIF(AQ28,$B$1,"d")<=14,DATEDIF(N28,$B$1,"d")>14),"未支付","") | AQ28: 45043.974
A29: =ROW()-3 -> 26 | B29: =IF(V29=0,"无交易",IF(AND(Y29<=-0.2,Z29<=-0.2,AA29<=-0.2),"连续三月交易下滑",IF(AND(Y29>=0.2,Z29>=0.2,AA29>=0.2),"连续三月交易上升",IF(AND(Y29<0.2,Y29>-0.2,Z29<0.2,Z29>-0.2,AA29<0.2,AA29>-0.2),"交易平稳",IF(OR(ABS(Y29-Z29)>=0.2,ABS(Z29-AA29)>=0.2),"交易波动较大","-"))))) -> 连续三月交易上升 | C29: =IF(AA29<=-0.5,"本月交易额降超50%",IF(AA29<=-0.2,"本月交易额降超20%","")) | D29: =IF(DATEDIF(AO29,$B$1,"d")>30,"流失",IF(AND(DATEDIF(AO29,$B$1,"d")>7,DATEDIF(AO29,$B$1,"d")<=30),"可能流失",IF(AND(DATEDIF(AO29,$B$1,"d")<=7,DATEDIF(AO29,$B$1,"d")>3),"即将流失","-"))) -> - | E29: 1632911413582598145 | F29: 45043.974 | G29: 正式版 | H29: 中医诊所 | I29: 四川省成都市 | J29: 青羊区 | K29: 成都福道堂健康管理有限公司青羊中医诊所 | L29: 四川省成都市青羊区 | M29: 46104.363 | N29: 46103.888 | O29: 46104.373 | P29: 46086.696 | Q29: 46103.888 | R29: 37480.83 | S29: 168403.26 | T29: 500460.35 | U29: 399724.43 | V29: 122 | W29: 544 | X29: 1564 | Y29: 1331 | Z29: 730.31947 | AA29: 0.41364619 | AB29: -0.44053556 | AC29: -0.051258797 | AD29: =IF(AND($G29="正式版",$H29="中西医诊所"),IFERROR(R29/同类汇总数据!C$3,0),IF(AND($G29="正式版",$H29="中医诊所"),IFERROR(R29/同类汇总数据!C$4,0),IF(AND($G29="正式版",$H29="口腔诊所"),IFERROR(R29/同类汇总数据!C$5,0),IF(AND($G29="检查版",$H29="中西医诊所"),IFERROR(R29/同类汇总数据!C$6,0),IF(AND($G29="检查版",$H29="中医诊所"),IFERROR(R29/同类汇总数据!C$7,0),IF(AND($G29="检查版",$H29="口腔诊所"),IFERROR(R29/同类汇总数据!C$8,0),IF(AND($G29="互联网版",$H29="中西医诊所"),IFERROR(R29/同类汇总数据!C$9,0),IF(AND($G29="互联网版",$H29="中医诊所"),IFERROR(R29/同类汇总数据!C$10,0),IF(AND($G29="互联网版",$H29="口腔诊所"),IFERROR(R29/同类汇总数据!C$11,0)))))))))) -> 5.3952467 | AE29: =IF(AND($G29="正式版",$H29="中西医诊所"),IFERROR(S29/同类汇总数据!D$3,0),IF(AND($G29="正式版",$H29="中医诊所"),IFERROR(S29/同类汇总数据!D$4,0),IF(AND($G29="正式版",$H29="口腔诊所"),IFERROR(S29/同类汇总数据!D$5,0),IF(AND($G29="检查版",$H29="中西医诊所"),IFERROR(S29/同类汇总数据!D$6,0),IF(AND($G29="检查版",$H29="中医诊所"),IFERROR(S29/同类汇总数据!D$7,0),IF(AND($G29="检查版",$H29="口腔诊所"),IFERROR(S29/同类汇总数据!D$8,0),IF(AND($G29="互联网版",$H29="中西医诊所"),IFERROR(S29/同类汇总数据!D$9,0),IF(AND($G29="互联网版",$H29="中医诊所"),IFERROR(S29/同类汇总数据!D$10,0),IF(AND($G29="互联网版",$H29="口腔诊所"),IFERROR(S29/同类汇总数据!D$11,0)))))))))) -> 6.2477416 | AF29: =IF(AND($G29="正式版",$H29="中西医诊所"),IFERROR(T29/同类汇总数据!E$3,0),IF(AND($G29="正式版",$H29="中医诊所"),IFERROR(T29/同类汇总数据!E$4,0),IF(AND($G29="正式版",$H29="口腔诊所"),IFERROR(T29/同类汇总数据!E$5,0),IF(AND($G29="检查版",$H29="中西医诊所"),IFERROR(T29/同类汇总数据!E$6,0),IF(AND($G29="检查版",$H29="中医诊所"),IFERROR(T29/同类汇总数据!E$7,0),IF(AND($G29="检查版",$H29="口腔诊所"),IFERROR(T29/同类汇总数据!E$8,0),IF(AND($G29="互联网版",$H29="中西医诊所"),IFERROR(T29/同类汇总数据!E$9,0),IF(AND($G29="互联网版",$H29="中医诊所"),IFERROR(T29/同类汇总数据!E$10,0),IF(AND($G29="互联网版",$H29="口腔诊所"),IFERROR(T29/同类汇总数据!E$11,0)))))))))) -> 6.4306117 | AG29: =IF(AND($G29="正式版",$H29="中西医诊所"),IFERROR(U29/同类汇总数据!F$3,0),IF(AND($G29="正式版",$H29="中医诊所"),IFERROR(U29/同类汇总数据!F$4,0),IF(AND($G29="正式版",$H29="口腔诊所"),IFERROR(U29/同类汇总数据!F$5,0),IF(AND($G29="检查版",$H29="中西医诊所"),IFERROR(U29/同类汇总数据!F$6,0),IF(AND($G29="检查版",$H29="中医诊所"),IFERROR(U29/同类汇总数据!F$7,0),IF(AND($G29="检查版",$H29="口腔诊所"),IFERROR(U29/同类汇总数据!F$8,0),IF(AND($G29="互联网版",$H29="中西医诊所"),IFERROR(U29/同类汇总数据!F$9,0),IF(AND($G29="互联网版",$H29="中医诊所"),IFERROR(U29/同类汇总数据!F$10,0),IF(AND($G29="互联网版",$H29="口腔诊所"),IFERROR(U29/同类汇总数据!F$11,0)))))))))) -> 5.9850616 | AH29: =IF(AND($G29="正式版",$H29="中西医诊所"),IFERROR(V29/同类汇总数据!G$3,0),IF(AND($G29="正式版",$H29="中医诊所"),IFERROR(V29/同类汇总数据!G$4,0),IF(AND($G29="正式版",$H29="口腔诊所"),IFERROR(V29/同类汇总数据!G$5,0),IF(AND($G29="检查版",$H29="中西医诊所"),IFERROR(V29/同类汇总数据!G$6,0),IF(AND($G29="检查版",$H29="中医诊所"),IFERROR(V29/同类汇总数据!G$7,0),IF(AND($G29="检查版",$H29="口腔诊所"),IFERROR(V29/同类汇总数据!G$8,0),IF(AND($G29="互联网版",$H29="中西医诊所"),IFERROR(V29/同类汇总数据!G$9,0),IF(AND($G29="互联网版",$H29="中医诊所"),IFERROR(V29/同类汇总数据!G$10,0),IF(AND($G29="互联网版",$H29="口腔诊所"),IFERROR(V29/同类汇总数据!G$11,0)))))))))) -> 2.7558975 | AI29: =IF(AND($G29="正式版",$H29="中西医诊所"),IFERROR(W29/同类汇总数据!H$3,0),IF(AND($G29="正式版",$H29="中医诊所"),IFERROR(W29/同类汇总数据!H$4,0),IF(AND($G29="正式版",$H29="口腔诊所"),IFERROR(W29/同类汇总数据!H$5,0),IF(AND($G29="检查版",$H29="中西医诊所"),IFERROR(W29/同类汇总数据!H$6,0),IF(AND($G29="检查版",$H29="中医诊所"),IFERROR(W29/同类汇总数据!H$7,0),IF(AND($G29="检查版",$H29="口腔诊所"),IFERROR(W29/同类汇总数据!H$8,0),IF(AND($G29="互联网版",$H29="中西医诊所"),IFERROR(W29/同类汇总数据!H$9,0),IF(AND($G29="互联网版",$H29="中医诊所"),IFERROR(W29/同类汇总数据!H$10,0),IF(AND($G29="互联网版",$H29="口腔诊所"),IFERROR(W29/同类汇总数据!H$11,0)))))))))) -> 3.0915643 | AJ29: =IF(AND($G29="正式版",$H29="中西医诊所"),IFERROR(X29/同类汇总数据!I$3,0),IF(AND($G29="正式版",$H29="中医诊所"),IFERROR(X29/同类汇总数据!I$4,0),IF(AND($G29="正式版",$H29="口腔诊所"),IFERROR(X29/同类汇总数据!I$5,0),IF(AND($G29="检查版",$H29="中西医诊所"),IFERROR(X29/同类汇总数据!I$6,0),IF(AND($G29="检查版",$H29="中医诊所"),IFERROR(X29/同类汇总数据!I$7,0),IF(AND($G29="检查版",$H29="口腔诊所"),IFERROR(X29/同类汇总数据!I$8,0),IF(AND($G29="互联网版",$H29="中西医诊所"),IFERROR(X29/同类汇总数据!I$9,0),IF(AND($G29="互联网版",$H29="中医诊所"),IFERROR(X29/同类汇总数据!I$10,0),IF(AND($G29="互联网版",$H29="口腔诊所"),IFERROR(X29/同类汇总数据!I$11,0)))))))))) -> 3.0292994 | AK29: =IF(AND($G29="正式版",$H29="中西医诊所"),IFERROR(Y29/同类汇总数据!J$3,0),IF(AND($G29="正式版",$H29="中医诊所"),IFERROR(Y29/同类汇总数据!J$4,0),IF(AND($G29="正式版",$H29="口腔诊所"),IFERROR(Y29/同类汇总数据!J$5,0),IF(AND($G29="检查版",$H29="中西医诊所"),IFERROR(Y29/同类汇总数据!J$6,0),IF(AND($G29="检查版",$H29="中医诊所"),IFERROR(Y29/同类汇总数据!J$7,0),IF(AND($G29="检查版",$H29="口腔诊所"),IFERROR(Y29/同类汇总数据!J$8,0),IF(AND($G29="互联网版",$H29="中西医诊所"),IFERROR(Y29/同类汇总数据!J$9,0),IF(AND($G29="互联网版",$H29="中医诊所"),IFERROR(Y29/同类汇总数据!J$10,0),IF(AND($G29="互联网版",$H29="口腔诊所"),IFERROR(Y29/同类汇总数据!J$11,0)))))))))) -> 2.920389 | AL29: =IF(YEAR(AO29)<YEAR(TODAY()),"今年内未操作",IF(DATEDIF(AO29,$B$1,"d")>90,"最近三月未操作",IF(DATEDIF(AO29,$B$1,"d")>30,"最近一月未操作",IF(DATEDIF(AO29,$B$1,"d")>7,"最近一周未操作","-")))) -> - | AM29: =IF(AE29<0.2,"低于同行20%",IF(AE29<0.5,"低于同行50%",IF(AE29>=2,"高于同行100%",IF(AE29>=1.5,"高于同行150%",IF(AE29>=1.2,"高于同行20%",""))))) -> 高于同行100% | AN29: =IF(AI29<0.2,"低于同行20%",IF(AI29<0.5,"低于同行50%",IF(AI29>=2,"高于同行100%",IF(AI29>=1.5,"高于同行150%",IF(AI29>=1.2,"高于同行20%",""))))) -> 高于同行100% | AO29: =MAX(IF(M29<>"",M29,0),IF(N29<>"",N29,0),IF(O29<>"",O29,0),IF(P29<>"",P29,0),IF(Q29<>"",Q29,0)) -> 46104.373 | AP29: =IF(AND(DATEDIF(AQ29,$B$1,"d")<=14,DATEDIF(N29,$B$1,"d")>14),"未支付","") | AQ29: 45043.974
A30: =ROW()-3 -> 27 | B30: =IF(V30=0,"无交易",IF(AND(Y30<=-0.2,Z30<=-0.2,AA30<=-0.2),"连续三月交易下滑",IF(AND(Y30>=0.2,Z30>=0.2,AA30>=0.2),"连续三月交易上升",IF(AND(Y30<0.2,Y30>-0.2,Z30<0.2,Z30>-0.2,AA30<0.2,AA30>-0.2),"交易平稳",IF(OR(ABS(Y30-Z30)>=0.2,ABS(Z30-AA30)>=0.2),"交易波动较大","-"))))) -> 连续三月交易上升 | C30: =IF(AA30<=-0.5,"本月交易额降超50%",IF(AA30<=-0.2,"本月交易额降超20%","")) | D30: =IF(DATEDIF(AO30,$B$1,"d")>30,"流失",IF(AND(DATEDIF(AO30,$B$1,"d")>7,DATEDIF(AO30,$B$1,"d")<=30),"可能流失",IF(AND(DATEDIF(AO30,$B$1,"d")<=7,DATEDIF(AO30,$B$1,"d")>3),"即将流失","-"))) -> - | E30: 1635184030842720257 | F30: 45043.974 | G30: 正式版 | H30: 中西医诊所 | I30: 四川省成都市 | J30: 锦江区 | K30: 成都锦江康威河滨诊所有限公司 | L30: 四川省成都市锦江区 | M30: 46103.553 | N30: 46103.692 | O30: 46103.692 | P30: 46099.633 | Q30: 46103.817 | R30: 11735 | S30: 46433 | T30: 134957.02 | U30: 110098.02 | V30: 50 | W30: 153 | X30: 567 | Y30: 473 | Z30: 325.32749 | AA30: 0.58429199 | AB30: -0.50505728 | AC30: 0.065719891 | AD30: =IF(AND($G30="正式版",$H30="中西医诊所"),IFERROR(R30/同类汇总数据!C$3,0),IF(AND($G30="正式版",$H30="中医诊所"),IFERROR(R30/同类汇总数据!C$4,0),IF(AND($G30="正式版",$H30="口腔诊所"),IFERROR(R30/同类汇总数据!C$5,0),IF(AND($G30="检查版",$H30="中西医诊所"),IFERROR(R30/同类汇总数据!C$6,0),IF(AND($G30="检查版",$H30="中医诊所"),IFERROR(R30/同类汇总数据!C$7,0),IF(AND($G30="检查版",$H30="口腔诊所"),IFERROR(R30/同类汇总数据!C$8,0),IF(AND($G30="互联网版",$H30="中西医诊所"),IFERROR(R30/同类汇总数据!C$9,0),IF(AND($G30="互联网版",$H30="中医诊所"),IFERROR(R30/同类汇总数据!C$10,0),IF(AND($G30="互联网版",$H30="口腔诊所"),IFERROR(R30/同类汇总数据!C$11,0)))))))))) -> 1.2822681 | AE30: =IF(AND($G30="正式版",$H30="中西医诊所"),IFERROR(S30/同类汇总数据!D$3,0),IF(AND($G30="正式版",$H30="中医诊所"),IFERROR(S30/同类汇总数据!D$4,0),IF(AND($G30="正式版",$H30="口腔诊所"),IFERROR(S30/同类汇总数据!D$5,0),IF(AND($G30="检查版",$H30="中西医诊所"),IFERROR(S30/同类汇总数据!D$6,0),IF(AND($G30="检查版",$H30="中医诊所"),IFERROR(S30/同类汇总数据!D$7,0),IF(AND($G30="检查版",$H30="口腔诊所"),IFERROR(S30/同类汇总数据!D$8,0),IF(AND($G30="互联网版",$H30="中西医诊所"),IFERROR(S30/同类汇总数据!D$9,0),IF(AND($G30="互联网版",$H30="中医诊所"),IFERROR(S30/同类汇总数据!D$10,0),IF(AND($G30="互联网版",$H30="口腔诊所"),IFERROR(S30/同类汇总数据!D$11,0)))))))))) -> 1.2727052 | AF30: =IF(AND($G30="正式版",$H30="中西医诊所"),IFERROR(T30/同类汇总数据!E$3,0),IF(AND($G30="正式版",$H30="中医诊所"),IFERROR(T30/同类汇总数据!E$4,0),IF(AND($G30="正式版",$H30="口腔诊所"),IFERROR(T30/同类汇总数据!E$5,0),IF(AND($G30="检查版",$H30="中西医诊所"),IFERROR(T30/同类汇总数据!E$6,0),IF(AND($G30="检查版",$H30="中医诊所"),IFERROR(T30/同类汇总数据!E$7,0),IF(AND($G30="检查版",$H30="口腔诊所"),IFERROR(T30/同类汇总数据!E$8,0),IF(AND($G30="互联网版",$H30="中西医诊所"),IFERROR(T30/同类汇总数据!E$9,0),IF(AND($G30="互联网版",$H30="中医诊所"),IFERROR(T30/同类汇总数据!E$10,0),IF(AND($G30="互联网版",$H30="口腔诊所"),IFERROR(T30/同类汇总数据!E$11,0)))))))))) -> 1.2368192 | AG30: =IF(AND($G30="正式版",$H30="中西医诊所"),IFERROR(U30/同类汇总数据!F$3,0),IF(AND($G30="正式版",$H30="中医诊所"),IFERROR(U30/同类汇总数据!F$4,0),IF(AND($G30="正式版",$H30="口腔诊所"),IFERROR(U30/同类汇总数据!F$5,0),IF(AND($G30="检查版",$H30="中西医诊所"),IFERROR(U30/同类汇总数据!F$6,0),IF(AND($G30="检查版",$H30="中医诊所"),IFERROR(U30/同类汇总数据!F$7,0),IF(AND($G30="检查版",$H30="口腔诊所"),IFERROR(U30/同类汇总数据!F$8,0),IF(AND($G30="互联网版",$H30="中西医诊所"),IFERROR(U30/同类汇总数据!F$9,0),IF(AND($G30="互联网版",$H30="中医诊所"),IFERROR(U30/同类汇总数据!F$10,0),IF(AND($G30="互联网版",$H30="口腔诊所"),IFERROR(U30/同类汇总数据!F$11,0)))))))))) -> 1.1477728 | AH30: =IF(AND($G30="正式版",$H30="中西医诊所"),IFERROR(V30/同类汇总数据!G$3,0),IF(AND($G30="正式版",$H30="中医诊所"),IFERROR(V30/同类汇总数据!G$4,0),IF(AND($G30="正式版",$H30="口腔诊所"),IFERROR(V30/同类汇总数据!G$5,0),IF(AND($G30="检查版",$H30="中西医诊所"),IFERROR(V30/同类汇总数据!G$6,0),IF(AND($G30="检查版",$H30="中医诊所"),IFERROR(V30/同类汇总数据!G$7,0),IF(AND($G30="检查版",$H30="口腔诊所"),IFERROR(V30/同类汇总数据!G$8,0),IF(AND($G30="互联网版",$H30="中西医诊所"),IFERROR(V30/同类汇总数据!G$9,0),IF(AND($G30="互联网版",$H30="中医诊所"),IFERROR(V30/同类汇总数据!G$10,0),IF(AND($G30="互联网版",$H30="口腔诊所"),IFERROR(V30/同类汇总数据!G$11,0)))))))))) -> 0.52742004 | AI30: =IF(AND($G30="正式版",$H30="中西医诊所"),IFERROR(W30/同类汇总数据!H$3,0),IF(AND($G30="正式版",$H30="中医诊所"),IFERROR(W30/同类汇总数据!H$4,0),IF(AND($G30="正式版",$H30="口腔诊所"),IFERROR(W30/同类汇总数据!H$5,0),IF(AND($G30="检查版",$H30="中西医诊所"),IFERROR(W30/同类汇总数据!H$6,0),IF(AND($G30="检查版",$H30="中医诊所"),IFERROR(W30/同类汇总数据!H$7,0),IF(AND($G30="检查版",$H30="口腔诊所"),IFERROR(W30/同类汇总数据!H$8,0),IF(AND($G30="互联网版",$H30="中西医诊所"),IFERROR(W30/同类汇总数据!H$9,0),IF(AND($G30="互联网版",$H30="中医诊所"),IFERROR(W30/同类汇总数据!H$10,0),IF(AND($G30="互联网版",$H30="口腔诊所"),IFERROR(W30/同类汇总数据!H$11,0)))))))))) -> 0.41845536 | AJ30: =IF(AND($G30="正式版",$H30="中西医诊所"),IFERROR(X30/同类汇总数据!I$3,0),IF(AND($G30="正式版",$H30="中医诊所"),IFERROR(X30/同类汇总数据!I$4,0),IF(AND($G30="正式版",$H30="口腔诊所"),IFERROR(X30/同类汇总数据!I$5,0),IF(AND($G30="检查版",$H30="中西医诊所"),IFERROR(X30/同类汇总数据!I$6,0),IF(AND($G30="检查版",$H30="中医诊所"),IFERROR(X30/同类汇总数据!I$7,0),IF(AND($G30="检查版",$H30="口腔诊所"),IFERROR(X30/同类汇总数据!I$8,0),IF(AND($G30="互联网版",$H30="中西医诊所"),IFERROR(X30/同类汇总数据!I$9,0),IF(AND($G30="互联网版",$H30="中医诊所"),IFERROR(X30/同类汇总数据!I$10,0),IF(AND($G30="互联网版",$H30="口腔诊所"),IFERROR(X30/同类汇总数据!I$11,0)))))))))) -> 0.5013662 | AK30: =IF(AND($G30="正式版",$H30="中西医诊所"),IFERROR(Y30/同类汇总数据!J$3,0),IF(AND($G30="正式版",$H30="中医诊所"),IFERROR(Y30/同类汇总数据!J$4,0),IF(AND($G30="正式版",$H30="口腔诊所"),IFERROR(Y30/同类汇总数据!J$5,0),IF(AND($G30="检查版",$H30="中西医诊所"),IFERROR(Y30/同类汇总数据!J$6,0),IF(AND($G30="检查版",$H30="中医诊所"),IFERROR(Y30/同类汇总数据!J$7,0),IF(AND($G30="检查版",$H30="口腔诊所"),IFERROR(Y30/同类汇总数据!J$8,0),IF(AND($G30="互联网版",$H30="中西医诊所"),IFERROR(Y30/同类汇总数据!J$9,0),IF(AND($G30="互联网版",$H30="中医诊所"),IFERROR(Y30/同类汇总数据!J$10,0),IF(AND($G30="互联网版",$H30="口腔诊所"),IFERROR(Y30/同类汇总数据!J$11,0)))))))))) -> 0.47263021 | AL30: =IF(YEAR(AO30)<YEAR(TODAY()),"今年内未操作",IF(DATEDIF(AO30,$B$1,"d")>90,"最近三月未操作",IF(DATEDIF(AO30,$B$1,"d")>30,"最近一月未操作",IF(DATEDIF(AO30,$B$1,"d")>7,"最近一周未操作","-")))) -> - | AM30: =IF(AE30<0.2,"低于同行20%",IF(AE30<0.5,"低于同行50%",IF(AE30>=2,"高于同行100%",IF(AE30>=1.5,"高于同行150%",IF(AE30>=1.2,"高于同行20%",""))))) -> 高于同行20% | AN30: =IF(AI30<0.2,"低于同行20%",IF(AI30<0.5,"低于同行50%",IF(AI30>=2,"高于同行100%",IF(AI30>=1.5,"高于同行150%",IF(AI30>=1.2,"高于同行20%",""))))) -> 低于同行50% | AO30: =MAX(IF(M30<>"",M30,0),IF(N30<>"",N30,0),IF(O30<>"",O30,0),IF(P30<>"",P30,0),IF(Q30<>"",Q30,0)) -> 46103.817 | AP30: =IF(AND(DATEDIF(AQ30,$B$1,"d")<=14,DATEDIF(N30,$B$1,"d")>14),"未支付","") | AQ30: 45043.974
A31: =ROW()-3 -> 28 | B31: =IF(V31=0,"无交易",IF(AND(Y31<=-0.2,Z31<=-0.2,AA31<=-0.2),"连续三月交易下滑",IF(AND(Y31>=0.2,Z31>=0.2,AA31>=0.2),"连续三月交易上升",IF(AND(Y31<0.2,Y31>-0.2,Z31<0.2,Z31>-0.2,AA31<0.2,AA31>-0.2),"交易平稳",IF(OR(ABS(Y31-Z31)>=0.2,ABS(Z31-AA31)>=0.2),"交易波动较大","-"))))) -> 交易波动较大 | C31: =IF(AA31<=-0.5,"本月交易额降超50%",IF(AA31<=-0.2,"本月交易额降超20%","")) -> 本月交易额降超20% | D31: =IF(DATEDIF(AO31,$B$1,"d")>30,"流失",IF(AND(DATEDIF(AO31,$B$1,"d")>7,DATEDIF(AO31,$B$1,"d")<=30),"可能流失",IF(AND(DATEDIF(AO31,$B$1,"d")<=7,DATEDIF(AO31,$B$1,"d")>3),"即将流失","-"))) -> - | E31: 1635534310132236290 | F31: 45043.974 | G31: 正式版 | H31: 中西医诊所 | I31: 四川省绵阳市 | J31: 三台县 | K31: 成都天府新区岐真堂诊所有限公司三台分公司 | L31: 四川省绵阳市三台县 | M31: 46102.395 | N31: 46102.641 | O31: 46102.416 | P31: 45587.698 | Q31: 46102.641 | R31: 614.3 | S31: 5210.58 | T31: 40153.36 | U31: 34462.19 | V31: 4 | W31: 23 | X31: 127 | Y31: 107 | Z31: 638.1887 | AA31: -0.39809816 | AB31: -0.67066551 | AC31: 0.15312691 | AD31: =IF(AND($G31="正式版",$H31="中西医诊所"),IFERROR(R31/同类汇总数据!C$3,0),IF(AND($G31="正式版",$H31="中医诊所"),IFERROR(R31/同类汇总数据!C$4,0),IF(AND($G31="正式版",$H31="口腔诊所"),IFERROR(R31/同类汇总数据!C$5,0),IF(AND($G31="检查版",$H31="中西医诊所"),IFERROR(R31/同类汇总数据!C$6,0),IF(AND($G31="检查版",$H31="中医诊所"),IFERROR(R31/同类汇总数据!C$7,0),IF(AND($G31="检查版",$H31="口腔诊所"),IFERROR(R31/同类汇总数据!C$8,0),IF(AND($G31="互联网版",$H31="中西医诊所"),IFERROR(R31/同类汇总数据!C$9,0),IF(AND($G31="互联网版",$H31="中医诊所"),IFERROR(R31/同类汇总数据!C$10,0),IF(AND($G31="互联网版",$H31="口腔诊所"),IFERROR(R31/同类汇总数据!C$11,0)))))))))) -> 0.067123759 | AE31: =IF(AND($G31="正式版",$H31="中西医诊所"),IFERROR(S31/同类汇总数据!D$3,0),IF(AND($G31="正式版",$H31="中医诊所"),IFERROR(S31/同类汇总数据!D$4,0),IF(AND($G31="正式版",$H31="口腔诊所"),IFERROR(S31/同类汇总数据!D$5,0),IF(AND($G31="检查版",$H31="中西医诊所"),IFERROR(S31/同类汇总数据!D$6,0),IF(AND($G31="检查版",$H31="中医诊所"),IFERROR(S31/同类汇总数据!D$7,0),IF(AND($G31="检查版",$H31="口腔诊所"),IFERROR(S31/同类汇总数据!D$8,0),IF(AND($G31="互联网版",$H31="中西医诊所"),IFERROR(S31/同类汇总数据!D$9,0),IF(AND($G31="互联网版",$H31="中医诊所"),IFERROR(S31/同类汇总数据!D$10,0),IF(AND($G31="互联网版",$H31="口腔诊所"),IFERROR(S31/同类汇总数据!D$11,0)))))))))) -> 0.14281938 | AF31: =IF(AND($G31="正式版",$H31="中西医诊所"),IFERROR(T31/同类汇总数据!E$3,0),IF(AND($G31="正式版",$H31="中医诊所"),IFERROR(T31/同类汇总数据!E$4,0),IF(AND($G31="正式版",$H31="口腔诊所"),IFERROR(T31/同类汇总数据!E$5,0),IF(AND($G31="检查版",$H31="中西医诊所"),IFERROR(T31/同类汇总数据!E$6,0),IF(AND($G31="检查版",$H31="中医诊所"),IFERROR(T31/同类汇总数据!E$7,0),IF(AND($G31="检查版",$H31="口腔诊所"),IFERROR(T31/同类汇总数据!E$8,0),IF(AND($G31="互联网版",$H31="中西医诊所"),IFERROR(T31/同类汇总数据!E$9,0),IF(AND($G31="互联网版",$H31="中医诊所"),IFERROR(T31/同类汇总数据!E$10,0),IF(AND($G31="互联网版",$H31="口腔诊所"),IFERROR(T31/同类汇总数据!E$11,0)))))))))) -> 0.36798714 | AG31: =IF(AND($G31="正式版",$H31="中西医诊所"),IFERROR(U31/同类汇总数据!F$3,0),IF(AND($G31="正式版",$H31="中医诊所"),IFERROR(U31/同类汇总数据!F$4,0),IF(AND($G31="正式版",$H31="口腔诊所"),IFERROR(U31/同类汇总数据!F$5,0),IF(AND($G31="检查版",$H31="中西医诊所"),IFERROR(U31/同类汇总数据!F$6,0),IF(AND($G31="检查版",$H31="中医诊所"),IFERROR(U31/同类汇总数据!F$7,0),IF(AND($G31="检查版",$H31="口腔诊所"),IFERROR(U31/同类汇总数据!F$8,0),IF(AND($G31="互联网版",$H31="中西医诊所"),IFERROR(U31/同类汇总数据!F$9,0),IF(AND($G31="互联网版",$H31="中医诊所"),IFERROR(U31/同类汇总数据!F$10,0),IF(AND($G31="互联网版",$H31="口腔诊所"),IFERROR(U31/同类汇总数据!F$11,0)))))))))) -> 0.35926864 | AH31: =IF(AND($G31="正式版",$H31="中西医诊所"),IFERROR(V31/同类汇总数据!G$3,0),IF(AND($G31="正式版",$H31="中医诊所"),IFERROR(V31/同类汇总数据!G$4,0),IF(AND($G31="正式版",$H31="口腔诊所"),IFERROR(V31/同类汇总数据!G$5,0),IF(AND($G31="检查版",$H31="中西医诊所"),IFERROR(V31/同类汇总数据!G$6,0),IF(AND($G31="检查版",$H31="中医诊所"),IFERROR(V31/同类汇总数据!G$7,0),IF(AND($G31="检查版",$H31="口腔诊所"),IFERROR(V31/同类汇总数据!G$8,0),IF(AND($G31="互联网版",$H31="中西医诊所"),IFERROR(V31/同类汇总数据!G$9,0),IF(AND($G31="互联网版",$H31="中医诊所"),IFERROR(V31/同类汇总数据!G$10,0),IF(AND($G31="互联网版",$H31="口腔诊所"),IFERROR(V31/同类汇总数据!G$11,0)))))))))) -> 0.042193603 | AI31: =IF(AND($G31="正式版",$H31="中西医诊所"),IFERROR(W31/同类汇总数据!H$3,0),IF(AND($G31="正式版",$H31="中医诊所"),IFERROR(W31/同类汇总数据!H$4,0),IF(AND($G31="正式版",$H31="口腔诊所"),IFERROR(W31/同类汇总数据!H$5,0),IF(AND($G31="检查版",$H31="中西医诊所"),IFERROR(W31/同类汇总数据!H$6,0),IF(AND($G31="检查版",$H31="中医诊所"),IFERROR(W31/同类汇总数据!H$7,0),IF(AND($G31="检查版",$H31="口腔诊所"),IFERROR(W31/同类汇总数据!H$8,0),IF(AND($G31="互联网版",$H31="中西医诊所"),IFERROR(W31/同类汇总数据!H$9,0),IF(AND($G31="互联网版",$H31="中医诊所"),IFERROR(W31/同类汇总数据!H$10,0),IF(AND($G31="互联网版",$H31="口腔诊所"),IFERROR(W31/同类汇总数据!H$11,0)))))))))) -> 0.062905054 | AJ31: =IF(AND($G31="正式版",$H31="中西医诊所"),IFERROR(X31/同类汇总数据!I$3,0),IF(AND($G31="正式版",$H31="中医诊所"),IFERROR(X31/同类汇总数据!I$4,0),IF(AND($G31="正式版",$H31="口腔诊所"),IFERROR(X31/同类汇总数据!I$5,0),IF(AND($G31="检查版",$H31="中西医诊所"),IFERROR(X31/同类汇总数据!I$6,0),IF(AND($G31="检查版",$H31="中医诊所"),IFERROR(X31/同类汇总数据!I$7,0),IF(AND($G31="检查版",$H31="口腔诊所"),IFERROR(X31/同类汇总数据!I$8,0),IF(AND($G31="互联网版",$H31="中西医诊所"),IFERROR(X31/同类汇总数据!I$9,0),IF(AND($G31="互联网版",$H31="中医诊所"),IFERROR(X31/同类汇总数据!I$10,0),IF(AND($G31="互联网版",$H31="口腔诊所"),IFERROR(X31/同类汇总数据!I$11,0)))))))))) -> 0.11229896 | AK31: =IF(AND($G31="正式版",$H31="中西医诊所"),IFERROR(Y31/同类汇总数据!J$3,0),IF(AND($G31="正式版",$H31="中医诊所"),IFERROR(Y31/同类汇总数据!J$4,0),IF(AND($G31="正式版",$H31="口腔诊所"),IFERROR(Y31/同类汇总数据!J$5,0),IF(AND($G31="检查版",$H31="中西医诊所"),IFERROR(Y31/同类汇总数据!J$6,0),IF(AND($G31="检查版",$H31="中医诊所"),IFERROR(Y31/同类汇总数据!J$7,0),IF(AND($G31="检查版",$H31="口腔诊所"),IFERROR(Y31/同类汇总数据!J$8,0),IF(AND($G31="互联网版",$H31="中西医诊所"),IFERROR(Y31/同类汇总数据!J$9,0),IF(AND($G31="互联网版",$H31="中医诊所"),IFERROR(Y31/同类汇总数据!J$10,0),IF(AND($G31="互联网版",$H31="口腔诊所"),IFERROR(Y31/同类汇总数据!J$11,0)))))))))) -> 0.10691635 | AL31: =IF(YEAR(AO31)<YEAR(TODAY()),"今年内未操作",IF(DATEDIF(AO31,$B$1,"d")>90,"最近三月未操作",IF(DATEDIF(AO31,$B$1,"d")>30,"最近一月未操作",IF(DATEDIF(AO31,$B$1,"d")>7,"最近一周未操作","-")))) -> - | AM31: =IF(AE31<0.2,"低于同行20%",IF(AE31<0.5,"低于同行50%",IF(AE31>=2,"高于同行100%",IF(AE31>=1.5,"高于同行150%",IF(AE31>=1.2,"高于同行20%",""))))) -> 低于同行20% | AN31: =IF(AI31<0.2,"低于同行20%",IF(AI31<0.5,"低于同行50%",IF(AI31>=2,"高于同行100%",IF(AI31>=1.5,"高于同行150%",IF(AI31>=1.2,"高于同行20%",""))))) -> 低于同行20% | AO31: =MAX(IF(M31<>"",M31,0),IF(N31<>"",N31,0),IF(O31<>"",O31,0),IF(P31<>"",P31,0),IF(Q31<>"",Q31,0)) -> 46102.641 | AP31: =IF(AND(DATEDIF(AQ31,$B$1,"d")<=14,DATEDIF(N31,$B$1,"d")>14),"未支付","") | AQ31: 45043.974
A32: =ROW()-3 -> 29 | B32: =IF(V32=0,"无交易",IF(AND(Y32<=-0.2,Z32<=-0.2,AA32<=-0.2),"连续三月交易下滑",IF(AND(Y32>=0.2,Z32>=0.2,AA32>=0.2),"连续三月交易上升",IF(AND(Y32<0.2,Y32>-0.2,Z32<0.2,Z32>-0.2,AA32<0.2,AA32>-0.2),"交易平稳",IF(OR(ABS(Y32-Z32)>=0.2,ABS(Z32-AA32)>=0.2),"交易波动较大","-"))))) -> 连续三月交易上升 | C32: =IF(AA32<=-0.5,"本月交易额降超50%",IF(AA32<=-0.2,"本月交易额降超20%","")) | D32: =IF(DATEDIF(AO32,$B$1,"d")>30,"流失",IF(AND(DATEDIF(AO32,$B$1,"d")>7,DATEDIF(AO32,$B$1,"d")<=30),"可能流失",IF(AND(DATEDIF(AO32,$B$1,"d")<=7,DATEDIF(AO32,$B$1,"d")>3),"即将流失","-"))) -> - | E32: 1638354997645434881 | F32: 45043.974 | G32: 正式版 | H32: 中西医诊所 | I32: 四川省成都市 | J32: 双流区 | K32: 成都双流艺航中西医结合诊所有限责任公司 | L32: 四川省成都市双流区 | M32: 46104.373 | N32: 46104.375 | O32: 46104.374 | P32: 46101.621 | Q32: 46104.375 | R32: 6331.36 | S32: 26222.57 | T32: 70884.64 | U32: 62547.4 | V32: 142 | W32: 529 | X32: 1439 | Y32: 1279 | Z32: 73.830118 | AA32: 0.4669961 | AB32: -0.33269982 | AC32: -0.13163116 | AD32: =IF(AND($G32="正式版",$H32="中西医诊所"),IFERROR(R32/同类汇总数据!C$3,0),IF(AND($G32="正式版",$H32="中医诊所"),IFERROR(R32/同类汇总数据!C$4,0),IF(AND($G32="正式版",$H32="口腔诊所"),IFERROR(R32/同类汇总数据!C$5,0),IF(AND($G32="检查版",$H32="中西医诊所"),IFERROR(R32/同类汇总数据!C$6,0),IF(AND($G32="检查版",$H32="中医诊所"),IFERROR(R32/同类汇总数据!C$7,0),IF(AND($G32="检查版",$H32="口腔诊所"),IFERROR(R32/同类汇总数据!C$8,0),IF(AND($G32="互联网版",$H32="中西医诊所"),IFERROR(R32/同类汇总数据!C$9,0),IF(AND($G32="互联网版",$H32="中医诊所"),IFERROR(R32/同类汇总数据!C$10,0),IF(AND($G32="互联网版",$H32="口腔诊所"),IFERROR(R32/同类汇总数据!C$11,0)))))))))) -> 0.69181945 | AE32: =IF(AND($G32="正式版",$H32="中西医诊所"),IFERROR(S32/同类汇总数据!D$3,0),IF(AND($G32="正式版",$H32="中医诊所"),IFERROR(S32/同类汇总数据!D$4,0),IF(AND($G32="正式版",$H32="口腔诊所"),IFERROR(S32/同类汇总数据!D$5,0),IF(AND($G32="检查版",$H32="中西医诊所"),IFERROR(S32/同类汇总数据!D$6,0),IF(AND($G32="检查版",$H32="中医诊所"),IFERROR(S32/同类汇总数据!D$7,0),IF(AND($G32="检查版",$H32="口腔诊所"),IFERROR(S32/同类汇总数据!D$8,0),IF(AND($G32="互联网版",$H32="中西医诊所"),IFERROR(S32/同类汇总数据!D$9,0),IF(AND($G32="互联网版",$H32="中医诊所"),IFERROR(S32/同类汇总数据!D$10,0),IF(AND($G32="互联网版",$H32="口腔诊所"),IFERROR(S32/同类汇总数据!D$11,0)))))))))) -> 0.71874746 | AF32: =IF(AND($G32="正式版",$H32="中西医诊所"),IFERROR(T32/同类汇总数据!E$3,0),IF(AND($G32="正式版",$H32="中医诊所"),IFERROR(T32/同类汇总数据!E$4,0),IF(AND($G32="正式版",$H32="口腔诊所"),IFERROR(T32/同类汇总数据!E$5,0),IF(AND($G32="检查版",$H32="中西医诊所"),IFERROR(T32/同类汇总数据!E$6,0),IF(AND($G32="检查版",$H32="中医诊所"),IFERROR(T32/同类汇总数据!E$7,0),IF(AND($G32="检查版",$H32="口腔诊所"),IFERROR(T32/同类汇总数据!E$8,0),IF(AND($G32="互联网版",$H32="中西医诊所"),IFERROR(T32/同类汇总数据!E$9,0),IF(AND($G32="互联网版",$H32="中医诊所"),IFERROR(T32/同类汇总数据!E$10,0),IF(AND($G32="互联网版",$H32="口腔诊所"),IFERROR(T32/同类汇总数据!E$11,0)))))))))) -> 0.64962523 | AG32: =IF(AND($G32="正式版",$H32="中西医诊所"),IFERROR(U32/同类汇总数据!F$3,0),IF(AND($G32="正式版",$H32="中医诊所"),IFERROR(U32/同类汇总数据!F$4,0),IF(AND($G32="正式版",$H32="口腔诊所"),IFERROR(U32/同类汇总数据!F$5,0),IF(AND($G32="检查版",$H32="中西医诊所"),IFERROR(U32/同类汇总数据!F$6,0),IF(AND($G32="检查版",$H32="中医诊所"),IFERROR(U32/同类汇总数据!F$7,0),IF(AND($G32="检查版",$H32="口腔诊所"),IFERROR(U32/同类汇总数据!F$8,0),IF(AND($G32="互联网版",$H32="中西医诊所"),IFERROR(U32/同类汇总数据!F$9,0),IF(AND($G32="互联网版",$H32="中医诊所"),IFERROR(U32/同类汇总数据!F$10,0),IF(AND($G32="互联网版",$H32="口腔诊所"),IFERROR(U32/同类汇总数据!F$11,0)))))))))) -> 0.6520572 | AH32: =IF(AND($G32="正式版",$H32="中西医诊所"),IFERROR(V32/同类汇总数据!G$3,0),IF(AND($G32="正式版",$H32="中医诊所"),IFERROR(V32/同类汇总数据!G$4,0),IF(AND($G32="正式版",$H32="口腔诊所"),IFERROR(V32/同类汇总数据!G$5,0),IF(AND($G32="检查版",$H32="中西医诊所"),IFERROR(V32/同类汇总数据!G$6,0),IF(AND($G32="检查版",$H32="中医诊所"),IFERROR(V32/同类汇总数据!G$7,0),IF(AND($G32="检查版",$H32="口腔诊所"),IFERROR(V32/同类汇总数据!G$8,0),IF(AND($G32="互联网版",$H32="中西医诊所"),IFERROR(V32/同类汇总数据!G$9,0),IF(AND($G32="互联网版",$H32="中医诊所"),IFERROR(V32/同类汇总数据!G$10,0),IF(AND($G32="互联网版",$H32="口腔诊所"),IFERROR(V32/同类汇总数据!G$11,0)))))))))) -> 1.4978729 | AI32: =IF(AND($G32="正式版",$H32="中西医诊所"),IFERROR(W32/同类汇总数据!H$3,0),IF(AND($G32="正式版",$H32="中医诊所"),IFERROR(W32/同类汇总数据!H$4,0),IF(AND($G32="正式版",$H32="口腔诊所"),IFERROR(W32/同类汇总数据!H$5,0),IF(AND($G32="检查版",$H32="中西医诊所"),IFERROR(W32/同类汇总数据!H$6,0),IF(AND($G32="检查版",$H32="中医诊所"),IFERROR(W32/同类汇总数据!H$7,0),IF(AND($G32="检查版",$H32="口腔诊所"),IFERROR(W32/同类汇总数据!H$8,0),IF(AND($G32="互联网版",$H32="中西医诊所"),IFERROR(W32/同类汇总数据!H$9,0),IF(AND($G32="互联网版",$H32="中医诊所"),IFERROR(W32/同类汇总数据!H$10,0),IF(AND($G32="互联网版",$H32="口腔诊所"),IFERROR(W32/同类汇总数据!H$11,0)))))))))) -> 1.4468162 | AJ32: =IF(AND($G32="正式版",$H32="中西医诊所"),IFERROR(X32/同类汇总数据!I$3,0),IF(AND($G32="正式版",$H32="中医诊所"),IFERROR(X32/同类汇总数据!I$4,0),IF(AND($G32="正式版",$H32="口腔诊所"),IFERROR(X32/同类汇总数据!I$5,0),IF(AND($G32="检查版",$H32="中西医诊所"),IFERROR(X32/同类汇总数据!I$6,0),IF(AND($G32="检查版",$H32="中医诊所"),IFERROR(X32/同类汇总数据!I$7,0),IF(AND($G32="检查版",$H32="口腔诊所"),IFERROR(X32/同类汇总数据!I$8,0),IF(AND($G32="互联网版",$H32="中西医诊所"),IFERROR(X32/同类汇总数据!I$9,0),IF(AND($G32="互联网版",$H32="中医诊所"),IFERROR(X32/同类汇总数据!I$10,0),IF(AND($G32="互联网版",$H32="口腔诊所"),IFERROR(X32/同类汇总数据!I$11,0)))))))))) -> 1.2724267 | AK32: =IF(AND($G32="正式版",$H32="中西医诊所"),IFERROR(Y32/同类汇总数据!J$3,0),IF(AND($G32="正式版",$H32="中医诊所"),IFERROR(Y32/同类汇总数据!J$4,0),IF(AND($G32="正式版",$H32="口腔诊所"),IFERROR(Y32/同类汇总数据!J$5,0),IF(AND($G32="检查版",$H32="中西医诊所"),IFERROR(Y32/同类汇总数据!J$6,0),IF(AND($G32="检查版",$H32="中医诊所"),IFERROR(Y32/同类汇总数据!J$7,0),IF(AND($G32="检查版",$H32="口腔诊所"),IFERROR(Y32/同类汇总数据!J$8,0),IF(AND($G32="互联网版",$H32="中西医诊所"),IFERROR(Y32/同类汇总数据!J$9,0),IF(AND($G32="互联网版",$H32="中医诊所"),IFERROR(Y32/同类汇总数据!J$10,0),IF(AND($G32="互联网版",$H32="口腔诊所"),IFERROR(Y32/同类汇总数据!J$11,0)))))))))) -> 1.2780001 | AL32: =IF(YEAR(AO32)<YEAR(TODAY()),"今年内未操作",IF(DATEDIF(AO32,$B$1,"d")>90,"最近三月未操作",IF(DATEDIF(AO32,$B$1,"d")>30,"最近一月未操作",IF(DATEDIF(AO32,$B$1,"d")>7,"最近一周未操作","-")))) -> - | AM32: =IF(AE32<0.2,"低于同行20%",IF(AE32<0.5,"低于同行50%",IF(AE32>=2,"高于同行100%",IF(AE32>=1.5,"高于同行150%",IF(AE32>=1.2,"高于同行20%",""))))) | AN32: =IF(AI32<0.2,"低于同行20%",IF(AI32<0.5,"低于同行50%",IF(AI32>=2,"高于同行100%",IF(AI32>=1.5,"高于同行150%",IF(AI32>=1.2,"高于同行20%",""))))) -> 高于同行20% | AO32: =MAX(IF(M32<>"",M32,0),IF(N32<>"",N32,0),IF(O32<>"",O32,0),IF(P32<>"",P32,0),IF(Q32<>"",Q32,0)) -> 46104.375 | AP32: =IF(AND(DATEDIF(AQ32,$B$1,"d")<=14,DATEDIF(N32,$B$1,"d")>14),"未支付","") | AQ32: 45043.974
A33: =ROW()-3 -> 30 | B33: =IF(V33=0,"无交易",IF(AND(Y33<=-0.2,Z33<=-0.2,AA33<=-0.2),"连续三月交易下滑",IF(AND(Y33>=0.2,Z33>=0.2,AA33>=0.2),"连续三月交易上升",IF(AND(Y33<0.2,Y33>-0.2,Z33<0.2,Z33>-0.2,AA33<0.2,AA33>-0.2),"交易平稳",IF(OR(ABS(Y33-Z33)>=0.2,ABS(Z33-AA33)>=0.2),"交易波动较大","-"))))) -> 连续三月交易上升 | C33: =IF(AA33<=-0.5,"本月交易额降超50%",IF(AA33<=-0.2,"本月交易额降超20%","")) | D33: =IF(DATEDIF(AO33,$B$1,"d")>30,"流失",IF(AND(DATEDIF(AO33,$B$1,"d")>7,DATEDIF(AO33,$B$1,"d")<=30),"可能流失",IF(AND(DATEDIF(AO33,$B$1,"d")<=7,DATEDIF(AO33,$B$1,"d")>3),"即将流失","-"))) -> - | E33: 1638356455526785025 | F33: 45043.974 | G33: 正式版 | H33: 中西医诊所 | I33: 四川省成都市 | J33: 双流区 | K33: 成都双流贵华诊所有限公司 | L33: 九江街道江美西路362号 | M33: 46104.389 | N33: 46103.872 | O33: 46103.871 | P33: 46101.603 | Q33: 46103.872 | R33: 5342 | S33: 20060 | T33: 55924.4 | U33: 50395 | V33: 63 | W33: 230 | X33: 659 | Y33: 583 | Z33: 119.41943 | AA33: 0.61656862 | AB33: -0.47095338 | AC33: -0.19706285 | AD33: =IF(AND($G33="正式版",$H33="中西医诊所"),IFERROR(R33/同类汇总数据!C$3,0),IF(AND($G33="正式版",$H33="中医诊所"),IFERROR(R33/同类汇总数据!C$4,0),IF(AND($G33="正式版",$H33="口腔诊所"),IFERROR(R33/同类汇总数据!C$5,0),IF(AND($G33="检查版",$H33="中西医诊所"),IFERROR(R33/同类汇总数据!C$6,0),IF(AND($G33="检查版",$H33="中医诊所"),IFERROR(R33/同类汇总数据!C$7,0),IF(AND($G33="检查版",$H33="口腔诊所"),IFERROR(R33/同类汇总数据!C$8,0),IF(AND($G33="互联网版",$H33="中西医诊所"),IFERROR(R33/同类汇总数据!C$9,0),IF(AND($G33="互联网版",$H33="中医诊所"),IFERROR(R33/同类汇总数据!C$10,0),IF(AND($G33="互联网版",$H33="口腔诊所"),IFERROR(R33/同类汇总数据!C$11,0)))))))))) -> 0.58371337 | AE33: =IF(AND($G33="正式版",$H33="中西医诊所"),IFERROR(S33/同类汇总数据!D$3,0),IF(AND($G33="正式版",$H33="中医诊所"),IFERROR(S33/同类汇总数据!D$4,0),IF(AND($G33="正式版",$H33="口腔诊所"),IFERROR(S33/同类汇总数据!D$5,0),IF(AND($G33="检查版",$H33="中西医诊所"),IFERROR(S33/同类汇总数据!D$6,0),IF(AND($G33="检查版",$H33="中医诊所"),IFERROR(S33/同类汇总数据!D$7,0),IF(AND($G33="检查版",$H33="口腔诊所"),IFERROR(S33/同类汇总数据!D$8,0),IF(AND($G33="互联网版",$H33="中西医诊所"),IFERROR(S33/同类汇总数据!D$9,0),IF(AND($G33="互联网版",$H33="中医诊所"),IFERROR(S33/同类汇总数据!D$10,0),IF(AND($G33="互联网版",$H33="口腔诊所"),IFERROR(S33/同类汇总数据!D$11,0)))))))))) -> 0.54983451 | AF33: =IF(AND($G33="正式版",$H33="中西医诊所"),IFERROR(T33/同类汇总数据!E$3,0),IF(AND($G33="正式版",$H33="中医诊所"),IFERROR(T33/同类汇总数据!E$4,0),IF(AND($G33="正式版",$H33="口腔诊所"),IFERROR(T33/同类汇总数据!E$5,0),IF(AND($G33="检查版",$H33="中西医诊所"),IFERROR(T33/同类汇总数据!E$6,0),IF(AND($G33="检查版",$H33="中医诊所"),IFERROR(T33/同类汇总数据!E$7,0),IF(AND($G33="检查版",$H33="口腔诊所"),IFERROR(T33/同类汇总数据!E$8,0),IF(AND($G33="互联网版",$H33="中西医诊所"),IFERROR(T33/同类汇总数据!E$9,0),IF(AND($G33="互联网版",$H33="中医诊所"),IFERROR(T33/同类汇总数据!E$10,0),IF(AND($G33="互联网版",$H33="口腔诊所"),IFERROR(T33/同类汇总数据!E$11,0)))))))))) -> 0.51252149 | AG33: =IF(AND($G33="正式版",$H33="中西医诊所"),IFERROR(U33/同类汇总数据!F$3,0),IF(AND($G33="正式版",$H33="中医诊所"),IFERROR(U33/同类汇总数据!F$4,0),IF(AND($G33="正式版",$H33="口腔诊所"),IFERROR(U33/同类汇总数据!F$5,0),IF(AND($G33="检查版",$H33="中西医诊所"),IFERROR(U33/同类汇总数据!F$6,0),IF(AND($G33="检查版",$H33="中医诊所"),IFERROR(U33/同类汇总数据!F$7,0),IF(AND($G33="检查版",$H33="口腔诊所"),IFERROR(U33/同类汇总数据!F$8,0),IF(AND($G33="互联网版",$H33="中西医诊所"),IFERROR(U33/同类汇总数据!F$9,0),IF(AND($G33="互联网版",$H33="中医诊所"),IFERROR(U33/同类汇总数据!F$10,0),IF(AND($G33="互联网版",$H33="口腔诊所"),IFERROR(U33/同类汇总数据!F$11,0)))))))))) -> 0.52536832 | AH33: =IF(AND($G33="正式版",$H33="中西医诊所"),IFERROR(V33/同类汇总数据!G$3,0),IF(AND($G33="正式版",$H33="中医诊所"),IFERROR(V33/同类汇总数据!G$4,0),IF(AND($G33="正式版",$H33="口腔诊所"),IFERROR(V33/同类汇总数据!G$5,0),IF(AND($G33="检查版",$H33="中西医诊所"),IFERROR(V33/同类汇总数据!G$6,0),IF(AND($G33="检查版",$H33="中医诊所"),IFERROR(V33/同类汇总数据!G$7,0),IF(AND($G33="检查版",$H33="口腔诊所"),IFERROR(V33/同类汇总数据!G$8,0),IF(AND($G33="互联网版",$H33="中西医诊所"),IFERROR(V33/同类汇总数据!G$9,0),IF(AND($G33="互联网版",$H33="中医诊所"),IFERROR(V33/同类汇总数据!G$10,0),IF(AND($G33="互联网版",$H33="口腔诊所"),IFERROR(V33/同类汇总数据!G$11,0)))))))))) -> 0.66454925 | AI33: =IF(AND($G33="正式版",$H33="中西医诊所"),IFERROR(W33/同类汇总数据!H$3,0),IF(AND($G33="正式版",$H33="中医诊所"),IFERROR(W33/同类汇总数据!H$4,0),IF(AND($G33="正式版",$H33="口腔诊所"),IFERROR(W33/同类汇总数据!H$5,0),IF(AND($G33="检查版",$H33="中西医诊所"),IFERROR(W33/同类汇总数据!H$6,0),IF(AND($G33="检查版",$H33="中医诊所"),IFERROR(W33/同类汇总数据!H$7,0),IF(AND($G33="检查版",$H33="口腔诊所"),IFERROR(W33/同类汇总数据!H$8,0),IF(AND($G33="互联网版",$H33="中西医诊所"),IFERROR(W33/同类汇总数据!H$9,0),IF(AND($G33="互联网版",$H33="中医诊所"),IFERROR(W33/同类汇总数据!H$10,0),IF(AND($G33="互联网版",$H33="口腔诊所"),IFERROR(W33/同类汇总数据!H$11,0)))))))))) -> 0.62905054 | AJ33: =IF(AND($G33="正式版",$H33="中西医诊所"),IFERROR(X33/同类汇总数据!I$3,0),IF(AND($G33="正式版",$H33="中医诊所"),IFERROR(X33/同类汇总数据!I$4,0),IF(AND($G33="正式版",$H33="口腔诊所"),IFERROR(X33/同类汇总数据!I$5,0),IF(AND($G33="检查版",$H33="中西医诊所"),IFERROR(X33/同类汇总数据!I$6,0),IF(AND($G33="检查版",$H33="中医诊所"),IFERROR(X33/同类汇总数据!I$7,0),IF(AND($G33="检查版",$H33="口腔诊所"),IFERROR(X33/同类汇总数据!I$8,0),IF(AND($G33="互联网版",$H33="中西医诊所"),IFERROR(X33/同类汇总数据!I$9,0),IF(AND($G33="互联网版",$H33="中医诊所"),IFERROR(X33/同类汇总数据!I$10,0),IF(AND($G33="互联网版",$H33="口腔诊所"),IFERROR(X33/同类汇总数据!I$11,0)))))))))) -> 0.58271662 | AK33: =IF(AND($G33="正式版",$H33="中西医诊所"),IFERROR(Y33/同类汇总数据!J$3,0),IF(AND($G33="正式版",$H33="中医诊所"),IFERROR(Y33/同类汇总数据!J$4,0),IF(AND($G33="正式版",$H33="口腔诊所"),IFERROR(Y33/同类汇总数据!J$5,0),IF(AND($G33="检查版",$H33="中西医诊所"),IFERROR(Y33/同类汇总数据!J$6,0),IF(AND($G33="检查版",$H33="中医诊所"),IFERROR(Y33/同类汇总数据!J$7,0),IF(AND($G33="检查版",$H33="口腔诊所"),IFERROR(Y33/同类汇总数据!J$8,0),IF(AND($G33="互联网版",$H33="中西医诊所"),IFERROR(Y33/同类汇总数据!J$9,0),IF(AND($G33="互联网版",$H33="中医诊所"),IFERROR(Y33/同类汇总数据!J$10,0),IF(AND($G33="互联网版",$H33="口腔诊所"),IFERROR(Y33/同类汇总数据!J$11,0)))))))))) -> 0.58254422 | AL33: =IF(YEAR(AO33)<YEAR(TODAY()),"今年内未操作",IF(DATEDIF(AO33,$B$1,"d")>90,"最近三月未操作",IF(DATEDIF(AO33,$B$1,"d")>30,"最近一月未操作",IF(DATEDIF(AO33,$B$1,"d")>7,"最近一周未操作","-")))) -> - | AM33: =IF(AE33<0.2,"低于同行20%",IF(AE33<0.5,"低于同行50%",IF(AE33>=2,"高于同行100%",IF(AE33>=1.5,"高于同行150%",IF(AE33>=1.2,"高于同行20%",""))))) | AN33: =IF(AI33<0.2,"低于同行20%",IF(AI33<0.5,"低于同行50%",IF(AI33>=2,"高于同行100%",IF(AI33>=1.5,"高于同行150%",IF(AI33>=1.2,"高于同行20%",""))))) | AO33: =MAX(IF(M33<>"",M33,0),IF(N33<>"",N33,0),IF(O33<>"",O33,0),IF(P33<>"",P33,0),IF(Q33<>"",Q33,0)) -> 46104.389 | AP33: =IF(AND(DATEDIF(AQ33,$B$1,"d")<=14,DATEDIF(N33,$B$1,"d")>14),"未支付","") | AQ33: 45043.974
A34: =ROW()-3 -> 31 | B34: =IF(V34=0,"无交易",IF(AND(Y34<=-0.2,Z34<=-0.2,AA34<=-0.2),"连续三月交易下滑",IF(AND(Y34>=0.2,Z34>=0.2,AA34>=0.2),"连续三月交易上升",IF(AND(Y34<0.2,Y34>-0.2,Z34<0.2,Z34>-0.2,AA34<0.2,AA34>-0.2),"交易平稳",IF(OR(ABS(Y34-Z34)>=0.2,ABS(Z34-AA34)>=0.2),"交易波动较大","-"))))) -> 无交易 | C34: =IF(AA34<=-0.5,"本月交易额降超50%",IF(AA34<=-0.2,"本月交易额降超20%","")) | D34: =IF(DATEDIF(AO34,$B$1,"d")>30,"流失",IF(AND(DATEDIF(AO34,$B$1,"d")>7,DATEDIF(AO34,$B$1,"d")<=30),"可能流失",IF(AND(DATEDIF(AO34,$B$1,"d")<=7,DATEDIF(AO34,$B$1,"d")>3),"即将流失","-"))) -> 流失 | E34: 1638730933356244994 | F34: 45043.974 | G34: 正式版 | H34: 中西医诊所 | I34: 四川省成都市 | J34: 龙泉驿区 | K34: 龙泉驿宏东诊所 | L34: 四川省成都市龙泉驿区 | M34: 45954.895 | N34: 45946.46 | O34: 45946.45 | P34: 45930.54 | Q34: 45946.46 | AD34: =IF(AND($G34="正式版",$H34="中西医诊所"),IFERROR(R34/同类汇总数据!C$3,0),IF(AND($G34="正式版",$H34="中医诊所"),IFERROR(R34/同类汇总数据!C$4,0),IF(AND($G34="正式版",$H34="口腔诊所"),IFERROR(R34/同类汇总数据!C$5,0),IF(AND($G34="检查版",$H34="中西医诊所"),IFERROR(R34/同类汇总数据!C$6,0),IF(AND($G34="检查版",$H34="中医诊所"),IFERROR(R34/同类汇总数据!C$7,0),IF(AND($G34="检查版",$H34="口腔诊所"),IFERROR(R34/同类汇总数据!C$8,0),IF(AND($G34="互联网版",$H34="中西医诊所"),IFERROR(R34/同类汇总数据!C$9,0),IF(AND($G34="互联网版",$H34="中医诊所"),IFERROR(R34/同类汇总数据!C$10,0),IF(AND($G34="互联网版",$H34="口腔诊所"),IFERROR(R34/同类汇总数据!C$11,0)))))))))) -> 0 | AE34: =IF(AND($G34="正式版",$H34="中西医诊所"),IFERROR(S34/同类汇总数据!D$3,0),IF(AND($G34="正式版",$H34="中医诊所"),IFERROR(S34/同类汇总数据!D$4,0),IF(AND($G34="正式版",$H34="口腔诊所"),IFERROR(S34/同类汇总数据!D$5,0),IF(AND($G34="检查版",$H34="中西医诊所"),IFERROR(S34/同类汇总数据!D$6,0),IF(AND($G34="检查版",$H34="中医诊所"),IFERROR(S34/同类汇总数据!D$7,0),IF(AND($G34="检查版",$H34="口腔诊所"),IFERROR(S34/同类汇总数据!D$8,0),IF(AND($G34="互联网版",$H34="中西医诊所"),IFERROR(S34/同类汇总数据!D$9,0),IF(AND($G34="互联网版",$H34="中医诊所"),IFERROR(S34/同类汇总数据!D$10,0),IF(AND($G34="互联网版",$H34="口腔诊所"),IFERROR(S34/同类汇总数据!D$11,0)))))))))) -> 0 | AF34: =IF(AND($G34="正式版",$H34="中西医诊所"),IFERROR(T34/同类汇总数据!E$3,0),IF(AND($G34="正式版",$H34="中医诊所"),IFERROR(T34/同类汇总数据!E$4,0),IF(AND($G34="正式版",$H34="口腔诊所"),IFERROR(T34/同类汇总数据!E$5,0),IF(AND($G34="检查版",$H34="中西医诊所"),IFERROR(T34/同类汇总数据!E$6,0),IF(AND($G34="检查版",$H34="中医诊所"),IFERROR(T34/同类汇总数据!E$7,0),IF(AND($G34="检查版",$H34="口腔诊所"),IFERROR(T34/同类汇总数据!E$8,0),IF(AND($G34="互联网版",$H34="中西医诊所"),IFERROR(T34/同类汇总数据!E$9,0),IF(AND($G34="互联网版",$H34="中医诊所"),IFERROR(T34/同类汇总数据!E$10,0),IF(AND($G34="互联网版",$H34="口腔诊所"),IFERROR(T34/同类汇总数据!E$11,0)))))))))) -> 0 | AG34: =IF(AND($G34="正式版",$H34="中西医诊所"),IFERROR(U34/同类汇总数据!F$3,0),IF(AND($G34="正式版",$H34="中医诊所"),IFERROR(U34/同类汇总数据!F$4,0),IF(AND($G34="正式版",$H34="口腔诊所"),IFERROR(U34/同类汇总数据!F$5,0),IF(AND($G34="检查版",$H34="中西医诊所"),IFERROR(U34/同类汇总数据!F$6,0),IF(AND($G34="检查版",$H34="中医诊所"),IFERROR(U34/同类汇总数据!F$7,0),IF(AND($G34="检查版",$H34="口腔诊所"),IFERROR(U34/同类汇总数据!F$8,0),IF(AND($G34="互联网版",$H34="中西医诊所"),IFERROR(U34/同类汇总数据!F$9,0),IF(AND($G34="互联网版",$H34="中医诊所"),IFERROR(U34/同类汇总数据!F$10,0),IF(AND($G34="互联网版",$H34="口腔诊所"),IFERROR(U34/同类汇总数据!F$11,0)))))))))) -> 0 | AH34: =IF(AND($G34="正式版",$H34="中西医诊所"),IFERROR(V34/同类汇总数据!G$3,0),IF(AND($G34="正式版",$H34="中医诊所"),IFERROR(V34/同类汇总数据!G$4,0),IF(AND($G34="正式版",$H34="口腔诊所"),IFERROR(V34/同类汇总数据!G$5,0),IF(AND($G34="检查版",$H34="中西医诊所"),IFERROR(V34/同类汇总数据!G$6,0),IF(AND($G34="检查版",$H34="中医诊所"),IFERROR(V34/同类汇总数据!G$7,0),IF(AND($G34="检查版",$H34="口腔诊所"),IFERROR(V34/同类汇总数据!G$8,0),IF(AND($G34="互联网版",$H34="中西医诊所"),IFERROR(V34/同类汇总数据!G$9,0),IF(AND($G34="互联网版",$H34="中医诊所"),IFERROR(V34/同类汇总数据!G$10,0),IF(AND($G34="互联网版",$H34="口腔诊所"),IFERROR(V34/同类汇总数据!G$11,0)))))))))) -> 0 | AI34: =IF(AND($G34="正式版",$H34="中西医诊所"),IFERROR(W34/同类汇总数据!H$3,0),IF(AND($G34="正式版",$H34="中医诊所"),IFERROR(W34/同类汇总数据!H$4,0),IF(AND($G34="正式版",$H34="口腔诊所"),IFERROR(W34/同类汇总数据!H$5,0),IF(AND($G34="检查版",$H34="中西医诊所"),IFERROR(W34/同类汇总数据!H$6,0),IF(AND($G34="检查版",$H34="中医诊所"),IFERROR(W34/同类汇总数据!H$7,0),IF(AND($G34="检查版",$H34="口腔诊所"),IFERROR(W34/同类汇总数据!H$8,0),IF(AND($G34="互联网版",$H34="中西医诊所"),IFERROR(W34/同类汇总数据!H$9,0),IF(AND($G34="互联网版",$H34="中医诊所"),IFERROR(W34/同类汇总数据!H$10,0),IF(AND($G34="互联网版",$H34="口腔诊所"),IFERROR(W34/同类汇总数据!H$11,0)))))))))) -> 0 | AJ34: =IF(AND($G34="正式版",$H34="中西医诊所"),IFERROR(X34/同类汇总数据!I$3,0),IF(AND($G34="正式版",$H34="中医诊所"),IFERROR(X34/同类汇总数据!I$4,0),IF(AND($G34="正式版",$H34="口腔诊所"),IFERROR(X34/同类汇总数据!I$5,0),IF(AND($G34="检查版",$H34="中西医诊所"),IFERROR(X34/同类汇总数据!I$6,0),IF(AND($G34="检查版",$H34="中医诊所"),IFERROR(X34/同类汇总数据!I$7,0),IF(AND($G34="检查版",$H34="口腔诊所"),IFERROR(X34/同类汇总数据!I$8,0),IF(AND($G34="互联网版",$H34="中西医诊所"),IFERROR(X34/同类汇总数据!I$9,0),IF(AND($G34="互联网版",$H34="中医诊所"),IFERROR(X34/同类汇总数据!I$10,0),IF(AND($G34="互联网版",$H34="口腔诊所"),IFERROR(X34/同类汇总数据!I$11,0)))))))))) -> 0 | AK34: =IF(AND($G34="正式版",$H34="中西医诊所"),IFERROR(Y34/同类汇总数据!J$3,0),IF(AND($G34="正式版",$H34="中医诊所"),IFERROR(Y34/同类汇总数据!J$4,0),IF(AND($G34="正式版",$H34="口腔诊所"),IFERROR(Y34/同类汇总数据!J$5,0),IF(AND($G34="检查版",$H34="中西医诊所"),IFERROR(Y34/同类汇总数据!J$6,0),IF(AND($G34="检查版",$H34="中医诊所"),IFERROR(Y34/同类汇总数据!J$7,0),IF(AND($G34="检查版",$H34="口腔诊所"),IFERROR(Y34/同类汇总数据!J$8,0),IF(AND($G34="互联网版",$H34="中西医诊所"),IFERROR(Y34/同类汇总数据!J$9,0),IF(AND($G34="互联网版",$H34="中医诊所"),IFERROR(Y34/同类汇总数据!J$10,0),IF(AND($G34="互联网版",$H34="口腔诊所"),IFERROR(Y34/同类汇总数据!J$11,0)))))))))) -> 0 | AL34: =IF(YEAR(AO34)<YEAR(TODAY()),"今年内未操作",IF(DATEDIF(AO34,$B$1,"d")>90,"最近三月未操作",IF(DATEDIF(AO34,$B$1,"d")>30,"最近一月未操作",IF(DATEDIF(AO34,$B$1,"d")>7,"最近一周未操作","-")))) -> 今年内未操作 | AM34: =IF(AE34<0.2,"低于同行20%",IF(AE34<0.5,"低于同行50%",IF(AE34>=2,"高于同行100%",IF(AE34>=1.5,"高于同行150%",IF(AE34>=1.2,"高于同行20%",""))))) -> 低于同行20% | AN34: =IF(AI34<0.2,"低于同行20%",IF(AI34<0.5,"低于同行50%",IF(AI34>=2,"高于同行100%",IF(AI34>=1.5,"高于同行150%",IF(AI34>=1.2,"高于同行20%",""))))) -> 低于同行20% | AO34: =MAX(IF(M34<>"",M34,0),IF(N34<>"",N34,0),IF(O34<>"",O34,0),IF(P34<>"",P34,0),IF(Q34<>"",Q34,0)) -> 45954.895 | AP34: =IF(AND(DATEDIF(AQ34,$B$1,"d")<=14,DATEDIF(N34,$B$1,"d")>14),"未支付","") | AQ34: 45043.974
A35: =ROW()-3 -> 32 | B35: =IF(V35=0,"无交易",IF(AND(Y35<=-0.2,Z35<=-0.2,AA35<=-0.2),"连续三月交易下滑",IF(AND(Y35>=0.2,Z35>=0.2,AA35>=0.2),"连续三月交易上升",IF(AND(Y35<0.2,Y35>-0.2,Z35<0.2,Z35>-0.2,AA35<0.2,AA35>-0.2),"交易平稳",IF(OR(ABS(Y35-Z35)>=0.2,ABS(Z35-AA35)>=0.2),"交易波动较大","-"))))) -> 交易波动较大 | C35: =IF(AA35<=-0.5,"本月交易额降超50%",IF(AA35<=-0.2,"本月交易额降超20%","")) | D35: =IF(DATEDIF(AO35,$B$1,"d")>30,"流失",IF(AND(DATEDIF(AO35,$B$1,"d")>7,DATEDIF(AO35,$B$1,"d")<=30),"可能流失",IF(AND(DATEDIF(AO35,$B$1,"d")<=7,DATEDIF(AO35,$B$1,"d")>3),"即将流失","-"))) -> - | E35: 1640636852988121089 | F35: 45043.974 | G35: 正式版 | H35: 中西医诊所 | I35: 四川省成都市 | J35: 锦江区 | K35: 锦江明合德中西医诊所 | L35: 四川省成都市锦江区 | M35: 46104.356 | N35: 46103.842 | O35: 46103.842 | P35: 46102.457 | Q35: 46103.842 | R35: 4909.6 | S35: 15843.45 | T35: 54794.24 | U35: 48731.87 | V35: 51 | W35: 158 | X35: 521 | Y35: 449 | Z35: 145.03533 | AA35: -0.050047517 | AB35: -0.25118217 | AC35: -0.34153805 | AD35: =IF(AND($G35="正式版",$H35="中西医诊所"),IFERROR(R35/同类汇总数据!C$3,0),IF(AND($G35="正式版",$H35="中医诊所"),IFERROR(R35/同类汇总数据!C$4,0),IF(AND($G35="正式版",$H35="口腔诊所"),IFERROR(R35/同类汇总数据!C$5,0),IF(AND($G35="检查版",$H35="中西医诊所"),IFERROR(R35/同类汇总数据!C$6,0),IF(AND($G35="检查版",$H35="中医诊所"),IFERROR(R35/同类汇总数据!C$7,0),IF(AND($G35="检查版",$H35="口腔诊所"),IFERROR(R35/同类汇总数据!C$8,0),IF(AND($G35="互联网版",$H35="中西医诊所"),IFERROR(R35/同类汇总数据!C$9,0),IF(AND($G35="互联网版",$H35="中医诊所"),IFERROR(R35/同类汇总数据!C$10,0),IF(AND($G35="互联网版",$H35="口腔诊所"),IFERROR(R35/同类汇总数据!C$11,0)))))))))) -> 0.53646559 | AE35: =IF(AND($G35="正式版",$H35="中西医诊所"),IFERROR(S35/同类汇总数据!D$3,0),IF(AND($G35="正式版",$H35="中医诊所"),IFERROR(S35/同类汇总数据!D$4,0),IF(AND($G35="正式版",$H35="口腔诊所"),IFERROR(S35/同类汇总数据!D$5,0),IF(AND($G35="检查版",$H35="中西医诊所"),IFERROR(S35/同类汇总数据!D$6,0),IF(AND($G35="检查版",$H35="中医诊所"),IFERROR(S35/同类汇总数据!D$7,0),IF(AND($G35="检查版",$H35="口腔诊所"),IFERROR(S35/同类汇总数据!D$8,0),IF(AND($G35="互联网版",$H35="中西医诊所"),IFERROR(S35/同类汇总数据!D$9,0),IF(AND($G35="互联网版",$H35="中医诊所"),IFERROR(S35/同类汇总数据!D$10,0),IF(AND($G35="互联网版",$H35="口腔诊所"),IFERROR(S35/同类汇总数据!D$11,0)))))))))) -> 0.434261 | AF35: =IF(AND($G35="正式版",$H35="中西医诊所"),IFERROR(T35/同类汇总数据!E$3,0),IF(AND($G35="正式版",$H35="中医诊所"),IFERROR(T35/同类汇总数据!E$4,0),IF(AND($G35="正式版",$H35="口腔诊所"),IFERROR(T35/同类汇总数据!E$5,0),IF(AND($G35="检查版",$H35="中西医诊所"),IFERROR(T35/同类汇总数据!E$6,0),IF(AND($G35="检查版",$H35="中医诊所"),IFERROR(T35/同类汇总数据!E$7,0),IF(AND($G35="检查版",$H35="口腔诊所"),IFERROR(T35/同类汇总数据!E$8,0),IF(AND($G35="互联网版",$H35="中西医诊所"),IFERROR(T35/同类汇总数据!E$9,0),IF(AND($G35="互联网版",$H35="中医诊所"),IFERROR(T35/同类汇总数据!E$10,0),IF(AND($G35="互联网版",$H35="口腔诊所"),IFERROR(T35/同类汇总数据!E$11,0)))))))))) -> 0.50216409 | AG35: =IF(AND($G35="正式版",$H35="中西医诊所"),IFERROR(U35/同类汇总数据!F$3,0),IF(AND($G35="正式版",$H35="中医诊所"),IFERROR(U35/同类汇总数据!F$4,0),IF(AND($G35="正式版",$H35="口腔诊所"),IFERROR(U35/同类汇总数据!F$5,0),IF(AND($G35="检查版",$H35="中西医诊所"),IFERROR(U35/同类汇总数据!F$6,0),IF(AND($G35="检查版",$H35="中医诊所"),IFERROR(U35/同类汇总数据!F$7,0),IF(AND($G35="检查版",$H35="口腔诊所"),IFERROR(U35/同类汇总数据!F$8,0),IF(AND($G35="互联网版",$H35="中西医诊所"),IFERROR(U35/同类汇总数据!F$9,0),IF(AND($G35="互联网版",$H35="中医诊所"),IFERROR(U35/同类汇总数据!F$10,0),IF(AND($G35="互联网版",$H35="口腔诊所"),IFERROR(U35/同类汇总数据!F$11,0)))))))))) -> 0.50803018 | AH35: =IF(AND($G35="正式版",$H35="中西医诊所"),IFERROR(V35/同类汇总数据!G$3,0),IF(AND($G35="正式版",$H35="中医诊所"),IFERROR(V35/同类汇总数据!G$4,0),IF(AND($G35="正式版",$H35="口腔诊所"),IFERROR(V35/同类汇总数据!G$5,0),IF(AND($G35="检查版",$H35="中西医诊所"),IFERROR(V35/同类汇总数据!G$6,0),IF(AND($G35="检查版",$H35="中医诊所"),IFERROR(V35/同类汇总数据!G$7,0),IF(AND($G35="检查版",$H35="口腔诊所"),IFERROR(V35/同类汇总数据!G$8,0),IF(AND($G35="互联网版",$H35="中西医诊所"),IFERROR(V35/同类汇总数据!G$9,0),IF(AND($G35="互联网版",$H35="中医诊所"),IFERROR(V35/同类汇总数据!G$10,0),IF(AND($G35="互联网版",$H35="口腔诊所"),IFERROR(V35/同类汇总数据!G$11,0)))))))))) -> 0.53796844 | AI35: =IF(AND($G35="正式版",$H35="中西医诊所"),IFERROR(W35/同类汇总数据!H$3,0),IF(AND($G35="正式版",$H35="中医诊所"),IFERROR(W35/同类汇总数据!H$4,0),IF(AND($G35="正式版",$H35="口腔诊所"),IFERROR(W35/同类汇总数据!H$5,0),IF(AND($G35="检查版",$H35="中西医诊所"),IFERROR(W35/同类汇总数据!H$6,0),IF(AND($G35="检查版",$H35="中医诊所"),IFERROR(W35/同类汇总数据!H$7,0),IF(AND($G35="检查版",$H35="口腔诊所"),IFERROR(W35/同类汇总数据!H$8,0),IF(AND($G35="互联网版",$H35="中西医诊所"),IFERROR(W35/同类汇总数据!H$9,0),IF(AND($G35="互联网版",$H35="中医诊所"),IFERROR(W35/同类汇总数据!H$10,0),IF(AND($G35="互联网版",$H35="口腔诊所"),IFERROR(W35/同类汇总数据!H$11,0)))))))))) -> 0.43213037 | AJ35: =IF(AND($G35="正式版",$H35="中西医诊所"),IFERROR(X35/同类汇总数据!I$3,0),IF(AND($G35="正式版",$H35="中医诊所"),IFERROR(X35/同类汇总数据!I$4,0),IF(AND($G35="正式版",$H35="口腔诊所"),IFERROR(X35/同类汇总数据!I$5,0),IF(AND($G35="检查版",$H35="中西医诊所"),IFERROR(X35/同类汇总数据!I$6,0),IF(AND($G35="检查版",$H35="中医诊所"),IFERROR(X35/同类汇总数据!I$7,0),IF(AND($G35="检查版",$H35="口腔诊所"),IFERROR(X35/同类汇总数据!I$8,0),IF(AND($G35="互联网版",$H35="中西医诊所"),IFERROR(X35/同类汇总数据!I$9,0),IF(AND($G35="互联网版",$H35="中医诊所"),IFERROR(X35/同类汇总数据!I$10,0),IF(AND($G35="互联网版",$H35="口腔诊所"),IFERROR(X35/同类汇总数据!I$11,0)))))))))) -> 0.46069099 | AK35: =IF(AND($G35="正式版",$H35="中西医诊所"),IFERROR(Y35/同类汇总数据!J$3,0),IF(AND($G35="正式版",$H35="中医诊所"),IFERROR(Y35/同类汇总数据!J$4,0),IF(AND($G35="正式版",$H35="口腔诊所"),IFERROR(Y35/同类汇总数据!J$5,0),IF(AND($G35="检查版",$H35="中西医诊所"),IFERROR(Y35/同类汇总数据!J$6,0),IF(AND($G35="检查版",$H35="中医诊所"),IFERROR(Y35/同类汇总数据!J$7,0),IF(AND($G35="检查版",$H35="口腔诊所"),IFERROR(Y35/同类汇总数据!J$8,0),IF(AND($G35="互联网版",$H35="中西医诊所"),IFERROR(Y35/同类汇总数据!J$9,0),IF(AND($G35="互联网版",$H35="中医诊所"),IFERROR(Y35/同类汇总数据!J$10,0),IF(AND($G35="互联网版",$H35="口腔诊所"),IFERROR(Y35/同类汇总数据!J$11,0)))))))))) -> 0.44864898 | AL35: =IF(YEAR(AO35)<YEAR(TODAY()),"今年内未操作",IF(DATEDIF(AO35,$B$1,"d")>90,"最近三月未操作",IF(DATEDIF(AO35,$B$1,"d")>30,"最近一月未操作",IF(DATEDIF(AO35,$B$1,"d")>7,"最近一周未操作","-")))) -> - | AM35: =IF(AE35<0.2,"低于同行20%",IF(AE35<0.5,"低于同行50%",IF(AE35>=2,"高于同行100%",IF(AE35>=1.5,"高于同行150%",IF(AE35>=1.2,"高于同行20%",""))))) -> 低于同行50% | AN35: =IF(AI35<0.2,"低于同行20%",IF(AI35<0.5,"低于同行50%",IF(AI35>=2,"高于同行100%",IF(AI35>=1.5,"高于同行150%",IF(AI35>=1.2,"高于同行20%",""))))) -> 低于同行50% | AO35: =MAX(IF(M35<>"",M35,0),IF(N35<>"",N35,0),IF(O35<>"",O35,0),IF(P35<>"",P35,0),IF(Q35<>"",Q35,0)) -> 46104.356 | AP35: =IF(AND(DATEDIF(AQ35,$B$1,"d")<=14,DATEDIF(N35,$B$1,"d")>14),"未支付","") | AQ35: 45043.974
A36: =ROW()-3 -> 33 | B36: =IF(V36=0,"无交易",IF(AND(Y36<=-0.2,Z36<=-0.2,AA36<=-0.2),"连续三月交易下滑",IF(AND(Y36>=0.2,Z36>=0.2,AA36>=0.2),"连续三月交易上升",IF(AND(Y36<0.2,Y36>-0.2,Z36<0.2,Z36>-0.2,AA36<0.2,AA36>-0.2),"交易平稳",IF(OR(ABS(Y36-Z36)>=0.2,ABS(Z36-AA36)>=0.2),"交易波动较大","-"))))) -> 连续三月交易上升 | C36: =IF(AA36<=-0.5,"本月交易额降超50%",IF(AA36<=-0.2,"本月交易额降超20%","")) | D36: =IF(DATEDIF(AO36,$B$1,"d")>30,"流失",IF(AND(DATEDIF(AO36,$B$1,"d")>7,DATEDIF(AO36,$B$1,"d")<=30),"可能流失",IF(AND(DATEDIF(AO36,$B$1,"d")<=7,DATEDIF(AO36,$B$1,"d")>3),"即将流失","-"))) -> - | E36: 1641259975024439297 | F36: 45043.974 | G36: 正式版 | H36: 口腔诊所 | I36: 四川省成都市 | J36: 青白江区 | K36: 成都青白江洁贝口腔诊所有限公司 | L36: 四川省成都市青白江区 | M36: 46103.41 | N36: 46099.774 | O36: 46099.773 | P36: 46082.786 | Q36: 46099.39 | R36: 1800 | S36: 11740 | T36: 28728 | U36: 27428 | V36: 2 | W36: 13 | X36: 25 | Y36: 21 | Z36: 1613.4117647059 | AA36: 1.5577342 | AB36: -0.629779 | AC36: 1.9519048 | AD36: =IF(AND($G36="正式版",$H36="中西医诊所"),IFERROR(R36/同类汇总数据!C$3,0),IF(AND($G36="正式版",$H36="中医诊所"),IFERROR(R36/同类汇总数据!C$4,0),IF(AND($G36="正式版",$H36="口腔诊所"),IFERROR(R36/同类汇总数据!C$5,0),IF(AND($G36="检查版",$H36="中西医诊所"),IFERROR(R36/同类汇总数据!C$6,0),IF(AND($G36="检查版",$H36="中医诊所"),IFERROR(R36/同类汇总数据!C$7,0),IF(AND($G36="检查版",$H36="口腔诊所"),IFERROR(R36/同类汇总数据!C$8,0),IF(AND($G36="互联网版",$H36="中西医诊所"),IFERROR(R36/同类汇总数据!C$9,0),IF(AND($G36="互联网版",$H36="中医诊所"),IFERROR(R36/同类汇总数据!C$10,0),IF(AND($G36="互联网版",$H36="口腔诊所"),IFERROR(R36/同类汇总数据!C$11,0)))))))))) -> 0.18004422 | AE36: =IF(AND($G36="正式版",$H36="中西医诊所"),IFERROR(S36/同类汇总数据!D$3,0),IF(AND($G36="正式版",$H36="中医诊所"),IFERROR(S36/同类汇总数据!D$4,0),IF(AND($G36="正式版",$H36="口腔诊所"),IFERROR(S36/同类汇总数据!D$5,0),IF(AND($G36="检查版",$H36="中西医诊所"),IFERROR(S36/同类汇总数据!D$6,0),IF(AND($G36="检查版",$H36="中医诊所"),IFERROR(S36/同类汇总数据!D$7,0),IF(AND($G36="检查版",$H36="口腔诊所"),IFERROR(S36/同类汇总数据!D$8,0),IF(AND($G36="互联网版",$H36="中西医诊所"),IFERROR(S36/同类汇总数据!D$9,0),IF(AND($G36="互联网版",$H36="中医诊所"),IFERROR(S36/同类汇总数据!D$10,0),IF(AND($G36="互联网版",$H36="口腔诊所"),IFERROR(S36/同类汇总数据!D$11,0)))))))))) -> 0.27031494 | AF36: =IF(AND($G36="正式版",$H36="中西医诊所"),IFERROR(T36/同类汇总数据!E$3,0),IF(AND($G36="正式版",$H36="中医诊所"),IFERROR(T36/同类汇总数据!E$4,0),IF(AND($G36="正式版",$H36="口腔诊所"),IFERROR(T36/同类汇总数据!E$5,0),IF(AND($G36="检查版",$H36="中西医诊所"),IFERROR(T36/同类汇总数据!E$6,0),IF(AND($G36="检查版",$H36="中医诊所"),IFERROR(T36/同类汇总数据!E$7,0),IF(AND($G36="检查版",$H36="口腔诊所"),IFERROR(T36/同类汇总数据!E$8,0),IF(AND($G36="互联网版",$H36="中西医诊所"),IFERROR(T36/同类汇总数据!E$9,0),IF(AND($G36="互联网版",$H36="中医诊所"),IFERROR(T36/同类汇总数据!E$10,0),IF(AND($G36="互联网版",$H36="口腔诊所"),IFERROR(T36/同类汇总数据!E$11,0)))))))))) -> 0.25912138 | AG36: =IF(AND($G36="正式版",$H36="中西医诊所"),IFERROR(U36/同类汇总数据!F$3,0),IF(AND($G36="正式版",$H36="中医诊所"),IFERROR(U36/同类汇总数据!F$4,0),IF(AND($G36="正式版",$H36="口腔诊所"),IFERROR(U36/同类汇总数据!F$5,0),IF(AND($G36="检查版",$H36="中西医诊所"),IFERROR(U36/同类汇总数据!F$6,0),IF(AND($G36="检查版",$H36="中医诊所"),IFERROR(U36/同类汇总数据!F$7,0),IF(AND($G36="检查版",$H36="口腔诊所"),IFERROR(U36/同类汇总数据!F$8,0),IF(AND($G36="互联网版",$H36="中西医诊所"),IFERROR(U36/同类汇总数据!F$9,0),IF(AND($G36="互联网版",$H36="中医诊所"),IFERROR(U36/同类汇总数据!F$10,0),IF(AND($G36="互联网版",$H36="口腔诊所"),IFERROR(U36/同类汇总数据!F$11,0)))))))))) -> 0.27456006 | AH36: =IF(AND($G36="正式版",$H36="中西医诊所"),IFERROR(V36/同类汇总数据!G$3,0),IF(AND($G36="正式版",$H36="中医诊所"),IFERROR(V36/同类汇总数据!G$4,0),IF(AND($G36="正式版",$H36="口腔诊所"),IFERROR(V36/同类汇总数据!G$5,0),IF(AND($G36="检查版",$H36="中西医诊所"),IFERROR(V36/同类汇总数据!G$6,0),IF(AND($G36="检查版",$H36="中医诊所"),IFERROR(V36/同类汇总数据!G$7,0),IF(AND($G36="检查版",$H36="口腔诊所"),IFERROR(V36/同类汇总数据!G$8,0),IF(AND($G36="互联网版",$H36="中西医诊所"),IFERROR(V36/同类汇总数据!G$9,0),IF(AND($G36="互联网版",$H36="中医诊所"),IFERROR(V36/同类汇总数据!G$10,0),IF(AND($G36="互联网版",$H36="口腔诊所"),IFERROR(V36/同类汇总数据!G$11,0)))))))))) -> 0.14862816 | AI36: =IF(AND($G36="正式版",$H36="中西医诊所"),IFERROR(W36/同类汇总数据!H$3,0),IF(AND($G36="正式版",$H36="中医诊所"),IFERROR(W36/同类汇总数据!H$4,0),IF(AND($G36="正式版",$H36="口腔诊所"),IFERROR(W36/同类汇总数据!H$5,0),IF(AND($G36="检查版",$H36="中西医诊所"),IFERROR(W36/同类汇总数据!H$6,0),IF(AND($G36="检查版",$H36="中医诊所"),IFERROR(W36/同类汇总数据!H$7,0),IF(AND($G36="检查版",$H36="口腔诊所"),IFERROR(W36/同类汇总数据!H$8,0),IF(AND($G36="互联网版",$H36="中西医诊所"),IFERROR(W36/同类汇总数据!H$9,0),IF(AND($G36="互联网版",$H36="中医诊所"),IFERROR(W36/同类汇总数据!H$10,0),IF(AND($G36="互联网版",$H36="口腔诊所"),IFERROR(W36/同类汇总数据!H$11,0)))))))))) -> 0.22892846 | AJ36: =IF(AND($G36="正式版",$H36="中西医诊所"),IFERROR(X36/同类汇总数据!I$3,0),IF(AND($G36="正式版",$H36="中医诊所"),IFERROR(X36/同类汇总数据!I$4,0),IF(AND($G36="正式版",$H36="口腔诊所"),IFERROR(X36/同类汇总数据!I$5,0),IF(AND($G36="检查版",$H36="中西医诊所"),IFERROR(X36/同类汇总数据!I$6,0),IF(AND($G36="检查版",$H36="中医诊所"),IFERROR(X36/同类汇总数据!I$7,0),IF(AND($G36="检查版",$H36="口腔诊所"),IFERROR(X36/同类汇总数据!I$8,0),IF(AND($G36="互联网版",$H36="中西医诊所"),IFERROR(X36/同类汇总数据!I$9,0),IF(AND($G36="互联网版",$H36="中医诊所"),IFERROR(X36/同类汇总数据!I$10,0),IF(AND($G36="互联网版",$H36="口腔诊所"),IFERROR(X36/同类汇总数据!I$11,0)))))))))) -> 0.16944385 | AK36: =IF(AND($G36="正式版",$H36="中西医诊所"),IFERROR(Y36/同类汇总数据!J$3,0),IF(AND($G36="正式版",$H36="中医诊所"),IFERROR(Y36/同类汇总数据!J$4,0),IF(AND($G36="正式版",$H36="口腔诊所"),IFERROR(Y36/同类汇总数据!J$5,0),IF(AND($G36="检查版",$H36="中西医诊所"),IFERROR(Y36/同类汇总数据!J$6,0),IF(AND($G36="检查版",$H36="中医诊所"),IFERROR(Y36/同类汇总数据!J$7,0),IF(AND($G36="检查版",$H36="口腔诊所"),IFERROR(Y36/同类汇总数据!J$8,0),IF(AND($G36="互联网版",$H36="中西医诊所"),IFERROR(Y36/同类汇总数据!J$9,0),IF(AND($G36="互联网版",$H36="中医诊所"),IFERROR(Y36/同类汇总数据!J$10,0),IF(AND($G36="互联网版",$H36="口腔诊所"),IFERROR(Y36/同类汇总数据!J$11,0)))))))))) -> 0.15812408 | AL36: =IF(YEAR(AO36)<YEAR(TODAY()),"今年内未操作",IF(DATEDIF(AO36,$B$1,"d")>90,"最近三月未操作",IF(DATEDIF(AO36,$B$1,"d")>30,"最近一月未操作",IF(DATEDIF(AO36,$B$1,"d")>7,"最近一周未操作","-")))) -> - | AM36: =IF(AE36<0.2,"低于同行20%",IF(AE36<0.5,"低于同行50%",IF(AE36>=2,"高于同行100%",IF(AE36>=1.5,"高于同行150%",IF(AE36>=1.2,"高于同行20%",""))))) -> 低于同行50% | AN36: =IF(AI36<0.2,"低于同行20%",IF(AI36<0.5,"低于同行50%",IF(AI36>=2,"高于同行100%",IF(AI36>=1.5,"高于同行150%",IF(AI36>=1.2,"高于同行20%",""))))) -> 低于同行50% | AO36: =MAX(IF(M36<>"",M36,0),IF(N36<>"",N36,0),IF(O36<>"",O36,0),IF(P36<>"",P36,0),IF(Q36<>"",Q36,0)) -> 46103.41 | AP36: =IF(AND(DATEDIF(AQ36,$B$1,"d")<=14,DATEDIF(N36,$B$1,"d")>14),"未支付","") | AQ36: 45043.974
